"filename", "language", "XML", "Markdown", "UnityShader", "C#", "JSON", "comment", "blank", "total"
"c:\Users\karen\Armor Echo\Assets\AssetsFromUS\JMO Assets\WarFX\Demo\Assets\CFX_AutoStopLoopedEffect.cs", "C#", 0, 0, 0, 30, 0, 3, 6, 39
"c:\Users\karen\Armor Echo\Assets\AssetsFromUS\JMO Assets\WarFX\Demo\Assets\CFX_Demo_RandomDir.cs", "C#", 0, 0, 0, 11, 0, 0, 4, 15
"c:\Users\karen\Armor Echo\Assets\AssetsFromUS\JMO Assets\WarFX\Demo\Assets\CFX_Demo_RotateCamera.cs", "C#", 0, 0, 0, 13, 0, 0, 4, 17
"c:\Users\karen\Armor Echo\Assets\AssetsFromUS\JMO Assets\WarFX\Demo\Assets\CFX_Demo_Translate.cs", "C#", 0, 0, 0, 20, 0, 1, 5, 26
"c:\Users\karen\Armor Echo\Assets\AssetsFromUS\JMO Assets\WarFX\Demo\Assets\WFX_Demo.cs", "C#", 0, 0, 0, 268, 0, 21, 58, 347
"c:\Users\karen\Armor Echo\Assets\AssetsFromUS\JMO Assets\WarFX\Demo\Assets\WFX_Demo_DeleteAfterDelay.cs", "C#", 0, 0, 0, 12, 0, 0, 3, 15
"c:\Users\karen\Armor Echo\Assets\AssetsFromUS\JMO Assets\WarFX\Demo\Assets\WFX_Demo_New.cs", "C#", 0, 0, 0, 312, 0, 18, 55, 385
"c:\Users\karen\Armor Echo\Assets\AssetsFromUS\JMO Assets\WarFX\Demo\Assets\WFX_Demo_RandomDir.cs", "C#", 0, 0, 0, 11, 0, 0, 3, 14
"c:\Users\karen\Armor Echo\Assets\AssetsFromUS\JMO Assets\WarFX\Demo\Assets\WFX_Demo_Wall.cs", "C#", 0, 0, 0, 18, 0, 5, 4, 27
"c:\Users\karen\Armor Echo\Assets\AssetsFromUS\JMO Assets\WarFX\Editor\CFX_SpawnSystemEditor.cs", "C#", 0, 0, 0, 163, 0, 5, 26, 194
"c:\Users\karen\Armor Echo\Assets\AssetsFromUS\JMO Assets\WarFX\Scripts\CFX_AutoDestructShuriken.cs", "C#", 0, 0, 0, 32, 0, 0, 4, 36
"c:\Users\karen\Armor Echo\Assets\AssetsFromUS\JMO Assets\WarFX\Scripts\CFX_LightIntensityFade.cs", "C#", 0, 0, 0, 45, 0, 7, 14, 66
"c:\Users\karen\Armor Echo\Assets\AssetsFromUS\JMO Assets\WarFX\Scripts\WFX_BulletHoleDecal.cs", "C#", 0, 0, 0, 55, 0, 12, 11, 78
"c:\Users\karen\Armor Echo\Assets\AssetsFromUS\JMO Assets\WarFX\Scripts\WFX_LightFlicker.cs", "C#", 0, 0, 0, 27, 0, 5, 7, 39
"c:\Users\karen\Armor Echo\Assets\AssetsFromUS\JMO Assets\WarFX\Shaders\WFX_S Add Scroll.shader", "UnityShader", 0, 0, 98, 0, 0, 5, 16, 119
"c:\Users\karen\Armor Echo\Assets\AssetsFromUS\JMO Assets\WarFX\Shaders\WFX_S Alpha-Diffuse TintColor.shader", "UnityShader", 0, 0, 31, 0, 0, 2, 8, 41
"c:\Users\karen\Armor Echo\Assets\AssetsFromUS\JMO Assets\WarFX\Shaders\WFX_S Alpha-Specular TintColor.shader", "UnityShader", 0, 0, 36, 0, 0, 2, 8, 46
"c:\Users\karen\Armor Echo\Assets\AssetsFromUS\JMO Assets\WarFX\Shaders\WFX_S AlphaBlend NoSoftParticles.shader", "UnityShader", 0, 0, 60, 0, 0, 2, 11, 73
"c:\Users\karen\Armor Echo\Assets\AssetsFromUS\JMO Assets\WarFX\Shaders\WFX_S AlphaBlend Scroll.shader", "UnityShader", 0, 0, 80, 0, 0, 4, 14, 98
"c:\Users\karen\Armor Echo\Assets\AssetsFromUS\JMO Assets\WarFX\Shaders\WFX_S Multiply Soft Scroll.shader", "UnityShader", 0, 0, 56, 0, 0, 5, 12, 73
"c:\Users\karen\Armor Echo\Assets\AssetsFromUS\JMO Assets\WarFX\Shaders\WFX_S Multiply Soft.shader", "UnityShader", 0, 0, 53, 0, 0, 7, 11, 71
"c:\Users\karen\Armor Echo\Assets\AssetsFromUS\JMO Assets\WarFX\Shaders\WFX_S Particle Add A8.shader", "UnityShader", 0, 0, 86, 0, 0, 5, 16, 107
"c:\Users\karen\Armor Echo\Assets\AssetsFromUS\JMO Assets\WarFX\Shaders\WFX_S Particle AddSoft A8.shader", "UnityShader", 0, 0, 86, 0, 0, 5, 16, 107
"c:\Users\karen\Armor Echo\Assets\AssetsFromUS\JMO Assets\WarFX\Shaders\WFX_S Particle Multiply A8.shader", "UnityShader", 0, 0, 87, 0, 0, 5, 16, 108
"c:\Users\karen\Armor Echo\Assets\AssetsFromUS\JMO Assets\WarFX\Shaders\WFX_S Smoke Scroll.shader", "UnityShader", 0, 0, 58, 0, 0, 5, 12, 75
"c:\Users\karen\Armor Echo\Assets\AssetsFromUS\JMO Assets\WarFX\Spawn System\CFX_SpawnSystem.cs", "C#", 0, 0, 0, 148, 0, 46, 35, 229
"c:\Users\karen\Armor Echo\Assets\AssetsFromUS\Mountain Terrain rocks and tree\Script\Camera\CameraControl.cs", "C#", 0, 0, 0, 56, 0, 6, 24, 86
"c:\Users\karen\Armor Echo\Assets\AssetsFromUS\Mountain Terrain rocks and tree\Script\Camera\FlyCameraControl.cs", "C#", 0, 0, 0, 52, 0, 8, 14, 74
"c:\Users\karen\Armor Echo\Assets\AssetsFromUS\Simple Water Shader\Info\Scripts\Editor\ReadmeEditor.cs", "C#", 0, 0, 0, 126, 0, 1, 32, 159
"c:\Users\karen\Armor Echo\Assets\AssetsFromUS\Simple Water Shader\Info\Scripts\Readme.cs", "C#", 0, 0, 0, 12, 0, 0, 3, 15
"c:\Users\karen\Armor Echo\Assets\AssetsFromUS\Simple Water Shader\Resources\WaterReflection.cs", "C#", 0, 0, 0, 67, 0, 8, 18, 93
"c:\Users\karen\Armor Echo\Assets\AssetsFromUS\WW2 Armed Forces Demo\Scripts\Roll_Wheels.cs", "C#", 0, 0, 0, 14, 0, 4, 7, 25
"c:\Users\karen\Armor Echo\Assets\AssetsFromUS\WW2 Armed Forces Demo\Scripts\Scroll_Track.cs", "C#", 0, 0, 0, 18, 0, 0, 6, 24
"c:\Users\karen\Armor Echo\Assets\Edtior\ConvertTerrainsToParticles.cs", "C#", 0, 0, 0, 0, 0, 79, 16, 95
"c:\Users\karen\Armor Echo\Assets\Edtior\FixBrokenMaterials.cs", "C#", 0, 0, 0, 0, 0, 30, 5, 35
"c:\Users\karen\Armor Echo\Assets\Edtior\ForceFillTerrain.cs", "C#", 0, 0, 0, 0, 0, 92, 17, 109
"c:\Users\karen\Armor Echo\Assets\Flooded_Grounds\Content\Shaders\FG_PBR_TopBlend.shader", "UnityShader", 0, 0, 64, 0, 0, 4, 31, 99
"c:\Users\karen\Armor Echo\Assets\Flooded_Grounds\Content\Shaders\FG_PBR_Water.shader", "UnityShader", 0, 0, 70, 0, 0, 3, 37, 110
"c:\Users\karen\Armor Echo\Assets\Flooded_Grounds\Content\Shaders\FG_Skybox_Rotating.shader", "UnityShader", 0, 0, 56, 0, 0, 1, 17, 74
"c:\Users\karen\Armor Echo\Assets\Flooded_Grounds\Content\Shaders\FG_Triplanar_BumpSpec.shader", "UnityShader", 0, 0, 75, 0, 0, 15, 24, 114
"c:\Users\karen\Armor Echo\Assets\Flooded_Grounds\PostProcessing\Editor Resources\Monitors\HistogramCompute.compute", "UnityShader", 0, 0, 65, 0, 0, 7, 20, 92
"c:\Users\karen\Armor Echo\Assets\Flooded_Grounds\PostProcessing\Editor Resources\Monitors\HistogramRender.shader", "UnityShader", 0, 0, 111, 0, 0, 3, 28, 142
"c:\Users\karen\Armor Echo\Assets\Flooded_Grounds\PostProcessing\Editor Resources\Monitors\ParadeRender.shader", "UnityShader", 0, 0, 62, 0, 0, 1, 14, 77
"c:\Users\karen\Armor Echo\Assets\Flooded_Grounds\PostProcessing\Editor Resources\Monitors\VectorscopeCompute.compute", "UnityShader", 0, 0, 40, 0, 0, 0, 10, 50
"c:\Users\karen\Armor Echo\Assets\Flooded_Grounds\PostProcessing\Editor Resources\Monitors\VectorscopeRender.shader", "UnityShader", 0, 0, 79, 0, 0, 2, 21, 102
"c:\Users\karen\Armor Echo\Assets\Flooded_Grounds\PostProcessing\Editor Resources\Monitors\WaveformCompute.compute", "UnityShader", 0, 0, 31, 0, 0, 3, 9, 43
"c:\Users\karen\Armor Echo\Assets\Flooded_Grounds\PostProcessing\Editor Resources\Monitors\WaveformRender.shader", "UnityShader", 0, 0, 52, 0, 0, 1, 13, 66
"c:\Users\karen\Armor Echo\Assets\Flooded_Grounds\PostProcessing\Editor Resources\UI\CurveBackground.shader", "UnityShader", 0, 0, 48, 0, 0, 2, 14, 64
"c:\Users\karen\Armor Echo\Assets\Flooded_Grounds\PostProcessing\Editor Resources\UI\Trackball.shader", "UnityShader", 0, 0, 87, 0, 0, 5, 27, 119
"c:\Users\karen\Armor Echo\Assets\Flooded_Grounds\PostProcessing\Editor\Attributes\PostProcessingModelEditorAttribute.cs", "C#", 0, 0, 0, 14, 0, 0, 3, 17
"c:\Users\karen\Armor Echo\Assets\Flooded_Grounds\PostProcessing\Editor\Models\AmbientOcclusionModelEditor.cs", "C#", 0, 0, 0, 37, 0, 0, 6, 43
"c:\Users\karen\Armor Echo\Assets\Flooded_Grounds\PostProcessing\Editor\Models\AntialiasingModelEditor.cs", "C#", 0, 0, 0, 56, 0, 0, 16, 72
"c:\Users\karen\Armor Echo\Assets\Flooded_Grounds\PostProcessing\Editor\Models\BloomModelEditor.cs", "C#", 0, 0, 0, 156, 0, 16, 33, 205
"c:\Users\karen\Armor Echo\Assets\Flooded_Grounds\PostProcessing\Editor\Models\BuiltinDebugViewsEditor.cs", "C#", 0, 0, 0, 88, 0, 0, 19, 107
"c:\Users\karen\Armor Echo\Assets\Flooded_Grounds\PostProcessing\Editor\Models\ChromaticAberrationEditor.cs", "C#", 0, 0, 0, 8, 0, 0, 2, 10
"c:\Users\karen\Armor Echo\Assets\Flooded_Grounds\PostProcessing\Editor\Models\ColorGradingModelEditor.cs", "C#", 0, 0, 0, 536, 0, 36, 101, 673
"c:\Users\karen\Armor Echo\Assets\Flooded_Grounds\PostProcessing\Editor\Models\DefaultPostFxModelEditor.cs", "C#", 0, 0, 0, 19, 0, 0, 4, 23
"c:\Users\karen\Armor Echo\Assets\Flooded_Grounds\PostProcessing\Editor\Models\DepthOfFieldModelEditor.cs", "C#", 0, 0, 0, 31, 0, 0, 7, 38
"c:\Users\karen\Armor Echo\Assets\Flooded_Grounds\PostProcessing\Editor\Models\DitheringModelEditor.cs", "C#", 0, 0, 0, 15, 0, 0, 2, 17
"c:\Users\karen\Armor Echo\Assets\Flooded_Grounds\PostProcessing\Editor\Models\EyeAdaptationModelEditor.cs", "C#", 0, 0, 0, 71, 0, 0, 16, 87
"c:\Users\karen\Armor Echo\Assets\Flooded_Grounds\PostProcessing\Editor\Models\FogModelEditor.cs", "C#", 0, 0, 0, 20, 0, 0, 5, 25
"c:\Users\karen\Armor Echo\Assets\Flooded_Grounds\PostProcessing\Editor\Models\GrainModelEditor.cs", "C#", 0, 0, 0, 27, 0, 0, 5, 32
"c:\Users\karen\Armor Echo\Assets\Flooded_Grounds\PostProcessing\Editor\Models\MotionBlurModelEditor.cs", "C#", 0, 0, 0, 142, 0, 13, 43, 198
"c:\Users\karen\Armor Echo\Assets\Flooded_Grounds\PostProcessing\Editor\Models\ScreenSpaceReflectionModelEditor.cs", "C#", 0, 0, 0, 88, 0, 0, 13, 101
"c:\Users\karen\Armor Echo\Assets\Flooded_Grounds\PostProcessing\Editor\Models\UserLutModelEditor.cs", "C#", 0, 0, 0, 76, 0, 1, 11, 88
"c:\Users\karen\Armor Echo\Assets\Flooded_Grounds\PostProcessing\Editor\Models\VignetteModelEditor.cs", "C#", 0, 0, 0, 103, 0, 3, 13, 119
"c:\Users\karen\Armor Echo\Assets\Flooded_Grounds\PostProcessing\Editor\Monitors\HistogramMonitor.cs", "C#", 0, 0, 0, 259, 0, 21, 59, 339
"c:\Users\karen\Armor Echo\Assets\Flooded_Grounds\PostProcessing\Editor\Monitors\ParadeMonitor.cs", "C#", 0, 0, 0, 198, 0, 12, 48, 258
"c:\Users\karen\Armor Echo\Assets\Flooded_Grounds\PostProcessing\Editor\Monitors\VectorscopeMonitor.cs", "C#", 0, 0, 0, 193, 0, 5, 44, 242
"c:\Users\karen\Armor Echo\Assets\Flooded_Grounds\PostProcessing\Editor\Monitors\WaveformMonitor.cs", "C#", 0, 0, 0, 217, 0, 12, 52, 281
"c:\Users\karen\Armor Echo\Assets\Flooded_Grounds\PostProcessing\Editor\PostProcessingBehaviourEditor.cs", "C#", 0, 0, 0, 25, 0, 0, 7, 32
"c:\Users\karen\Armor Echo\Assets\Flooded_Grounds\PostProcessing\Editor\PostProcessingFactory.cs", "C#", 0, 0, 0, 32, 0, 0, 4, 36
"c:\Users\karen\Armor Echo\Assets\Flooded_Grounds\PostProcessing\Editor\PostProcessingInspector.cs", "C#", 0, 0, 0, 159, 0, 5, 45, 209
"c:\Users\karen\Armor Echo\Assets\Flooded_Grounds\PostProcessing\Editor\PostProcessingModelEditor.cs", "C#", 0, 0, 0, 64, 0, 0, 16, 80
"c:\Users\karen\Armor Echo\Assets\Flooded_Grounds\PostProcessing\Editor\PostProcessingMonitor.cs", "C#", 0, 0, 0, 25, 0, 0, 10, 35
"c:\Users\karen\Armor Echo\Assets\Flooded_Grounds\PostProcessing\Editor\PropertyDrawers\GetSetDrawer.cs", "C#", 0, 0, 0, 30, 0, 0, 7, 37
"c:\Users\karen\Armor Echo\Assets\Flooded_Grounds\PostProcessing\Editor\PropertyDrawers\MinDrawer.cs", "C#", 0, 0, 0, 27, 0, 0, 3, 30
"c:\Users\karen\Armor Echo\Assets\Flooded_Grounds\PostProcessing\Editor\PropertyDrawers\TrackballGroupDrawer.cs", "C#", 0, 0, 0, 197, 0, 6, 42, 245
"c:\Users\karen\Armor Echo\Assets\Flooded_Grounds\PostProcessing\Editor\Utils\CurveEditor.cs", "C#", 0, 0, 0, 678, 0, 25, 145, 848
"c:\Users\karen\Armor Echo\Assets\Flooded_Grounds\PostProcessing\Editor\Utils\EditorGUIHelper.cs", "C#", 0, 0, 0, 152, 0, 0, 43, 195
"c:\Users\karen\Armor Echo\Assets\Flooded_Grounds\PostProcessing\Editor\Utils\EditorResources.cs", "C#", 0, 0, 0, 47, 0, 0, 12, 59
"c:\Users\karen\Armor Echo\Assets\Flooded_Grounds\PostProcessing\Editor\Utils\FxStyles.cs", "C#", 0, 0, 0, 89, 0, 0, 23, 112
"c:\Users\karen\Armor Echo\Assets\Flooded_Grounds\PostProcessing\Editor\Utils\ReflectionUtils.cs", "C#", 0, 0, 0, 99, 0, 0, 26, 125
"c:\Users\karen\Armor Echo\Assets\Flooded_Grounds\PostProcessing\Resources\Shaders\ACES.cginc", "UnityShader", 0, 0, 517, 0, 0, 637, 180, 1334
"c:\Users\karen\Armor Echo\Assets\Flooded_Grounds\PostProcessing\Resources\Shaders\AmbientOcclusion.cginc", "UnityShader", 0, 0, 332, 0, 0, 84, 85, 501
"c:\Users\karen\Armor Echo\Assets\Flooded_Grounds\PostProcessing\Resources\Shaders\AmbientOcclusion.shader", "UnityShader", 0, 0, 97, 0, 0, 9, 14, 120
"c:\Users\karen\Armor Echo\Assets\Flooded_Grounds\PostProcessing\Resources\Shaders\Blit.shader", "UnityShader", 0, 0, 39, 0, 0, 0, 11, 50
"c:\Users\karen\Armor Echo\Assets\Flooded_Grounds\PostProcessing\Resources\Shaders\Bloom.cginc", "UnityShader", 0, 0, 61, 0, 0, 7, 19, 87
"c:\Users\karen\Armor Echo\Assets\Flooded_Grounds\PostProcessing\Resources\Shaders\Bloom.shader", "UnityShader", 0, 0, 124, 0, 0, 30, 29, 183
"c:\Users\karen\Armor Echo\Assets\Flooded_Grounds\PostProcessing\Resources\Shaders\BuiltinDebugViews.shader", "UnityShader", 0, 0, 167, 0, 0, 25, 66, 258
"c:\Users\karen\Armor Echo\Assets\Flooded_Grounds\PostProcessing\Resources\Shaders\ColorGrading.cginc", "UnityShader", 0, 0, 182, 0, 0, 77, 32, 291
"c:\Users\karen\Armor Echo\Assets\Flooded_Grounds\PostProcessing\Resources\Shaders\Common.cginc", "UnityShader", 0, 0, 118, 0, 0, 17, 32, 167
"c:\Users\karen\Armor Echo\Assets\Flooded_Grounds\PostProcessing\Resources\Shaders\DepthOfField.cginc", "UnityShader", 0, 0, 158, 0, 0, 34, 52, 244
"c:\Users\karen\Armor Echo\Assets\Flooded_Grounds\PostProcessing\Resources\Shaders\DepthOfField.shader", "UnityShader", 0, 0, 189, 0, 0, 3, 21, 213
"c:\Users\karen\Armor Echo\Assets\Flooded_Grounds\PostProcessing\Resources\Shaders\DiskKernels.cginc", "UnityShader", 0, 0, 180, 0, 0, 8, 17, 205
"c:\Users\karen\Armor Echo\Assets\Flooded_Grounds\PostProcessing\Resources\Shaders\EyeAdaptation.cginc", "UnityShader", 0, 0, 15, 0, 0, 3, 5, 23
"c:\Users\karen\Armor Echo\Assets\Flooded_Grounds\PostProcessing\Resources\Shaders\EyeAdaptation.shader", "UnityShader", 0, 0, 155, 0, 0, 15, 49, 219
"c:\Users\karen\Armor Echo\Assets\Flooded_Grounds\PostProcessing\Resources\Shaders\EyeHistogram.compute", "UnityShader", 0, 0, 37, 0, 0, 9, 13, 59
"c:\Users\karen\Armor Echo\Assets\Flooded_Grounds\PostProcessing\Resources\Shaders\FXAA.shader", "UnityShader", 0, 0, 63, 0, 0, 2, 21, 86
"c:\Users\karen\Armor Echo\Assets\Flooded_Grounds\PostProcessing\Resources\Shaders\FXAA3.cginc", "UnityShader", 0, 0, 1046, 0, 0, 995, 33, 2074
"c:\Users\karen\Armor Echo\Assets\Flooded_Grounds\PostProcessing\Resources\Shaders\Fog.shader", "UnityShader", 0, 0, 86, 0, 0, 0, 24, 110
"c:\Users\karen\Armor Echo\Assets\Flooded_Grounds\PostProcessing\Resources\Shaders\GrainGen.shader", "UnityShader", 0, 0, 84, 0, 0, 3, 18, 105
"c:\Users\karen\Armor Echo\Assets\Flooded_Grounds\PostProcessing\Resources\Shaders\LutGen.shader", "UnityShader", 0, 0, 83, 0, 0, 7, 39, 129
"c:\Users\karen\Armor Echo\Assets\Flooded_Grounds\PostProcessing\Resources\Shaders\MotionBlur.cginc", "UnityShader", 0, 0, 255, 0, 0, 71, 95, 421
"c:\Users\karen\Armor Echo\Assets\Flooded_Grounds\PostProcessing\Resources\Shaders\MotionBlur.shader", "UnityShader", 0, 0, 84, 0, 0, 9, 31, 124
"c:\Users\karen\Armor Echo\Assets\Flooded_Grounds\PostProcessing\Resources\Shaders\ScreenSpaceRaytrace.cginc", "UnityShader", 0, 0, 138, 0, 0, 51, 50, 239
"c:\Users\karen\Armor Echo\Assets\Flooded_Grounds\PostProcessing\Resources\Shaders\ScreenSpaceReflection.shader", "UnityShader", 0, 0, 676, 0, 0, 81, 173, 930
"c:\Users\karen\Armor Echo\Assets\Flooded_Grounds\PostProcessing\Resources\Shaders\TAA.cginc", "UnityShader", 0, 0, 134, 0, 0, 19, 54, 207
"c:\Users\karen\Armor Echo\Assets\Flooded_Grounds\PostProcessing\Resources\Shaders\TAA.shader", "UnityShader", 0, 0, 71, 0, 0, 6, 9, 86
"c:\Users\karen\Armor Echo\Assets\Flooded_Grounds\PostProcessing\Resources\Shaders\Tonemapping.cginc", "UnityShader", 0, 0, 62, 0, 0, 32, 27, 121
"c:\Users\karen\Armor Echo\Assets\Flooded_Grounds\PostProcessing\Resources\Shaders\Uber.shader", "UnityShader", 0, 0, 244, 0, 0, 33, 54, 331
"c:\Users\karen\Armor Echo\Assets\Flooded_Grounds\PostProcessing\Resources\Shaders\UberSecondPass.cginc", "UnityShader", 0, 0, 25, 0, 0, 6, 9, 40
"c:\Users\karen\Armor Echo\Assets\Flooded_Grounds\PostProcessing\Runtime\Attributes\GetSetAttribute.cs", "C#", 0, 0, 0, 12, 0, 0, 2, 14
"c:\Users\karen\Armor Echo\Assets\Flooded_Grounds\PostProcessing\Runtime\Attributes\MinAttribute.cs", "C#", 0, 0, 0, 11, 0, 0, 2, 13
"c:\Users\karen\Armor Echo\Assets\Flooded_Grounds\PostProcessing\Runtime\Attributes\TrackballAttribute.cs", "C#", 0, 0, 0, 11, 0, 0, 2, 13
"c:\Users\karen\Armor Echo\Assets\Flooded_Grounds\PostProcessing\Runtime\Attributes\TrackballGroupAttribute.cs", "C#", 0, 0, 0, 6, 0, 0, 1, 7
"c:\Users\karen\Armor Echo\Assets\Flooded_Grounds\PostProcessing\Runtime\Components\AmbientOcclusionComponent.cs", "C#", 0, 0, 0, 149, 0, 6, 31, 186
"c:\Users\karen\Armor Echo\Assets\Flooded_Grounds\PostProcessing\Runtime\Components\BloomComponent.cs", "C#", 0, 0, 0, 103, 0, 13, 28, 144
"c:\Users\karen\Armor Echo\Assets\Flooded_Grounds\PostProcessing\Runtime\Components\BuiltinDebugViewsComponent.cs", "C#", 0, 0, 0, 206, 0, 10, 43, 259
"c:\Users\karen\Armor Echo\Assets\Flooded_Grounds\PostProcessing\Runtime\Components\ChromaticAberrationComponent.cs", "C#", 0, 0, 0, 55, 0, 0, 9, 64
"c:\Users\karen\Armor Echo\Assets\Flooded_Grounds\PostProcessing\Runtime\Components\ColorGradingComponent.cs", "C#", 0, 0, 0, 337, 0, 19, 81, 437
"c:\Users\karen\Armor Echo\Assets\Flooded_Grounds\PostProcessing\Runtime\Components\DepthOfFieldComponent.cs", "C#", 0, 0, 0, 120, 0, 13, 33, 166
"c:\Users\karen\Armor Echo\Assets\Flooded_Grounds\PostProcessing\Runtime\Components\DitheringComponent.cs", "C#", 0, 0, 0, 58, 0, 1, 13, 72
"c:\Users\karen\Armor Echo\Assets\Flooded_Grounds\PostProcessing\Runtime\Components\EyeAdaptationComponent.cs", "C#", 0, 0, 0, 135, 0, 13, 38, 186
"c:\Users\karen\Armor Echo\Assets\Flooded_Grounds\PostProcessing\Runtime\Components\FogComponent.cs", "C#", 0, 0, 0, 68, 0, 0, 12, 80
"c:\Users\karen\Armor Echo\Assets\Flooded_Grounds\PostProcessing\Runtime\Components\FxaaComponent.cs", "C#", 0, 0, 0, 43, 0, 0, 6, 49
"c:\Users\karen\Armor Echo\Assets\Flooded_Grounds\PostProcessing\Runtime\Components\GrainComponent.cs", "C#", 0, 0, 0, 63, 0, 3, 14, 80
"c:\Users\karen\Armor Echo\Assets\Flooded_Grounds\PostProcessing\Runtime\Components\MotionBlurComponent.cs", "C#", 0, 0, 0, 335, 0, 27, 83, 445
"c:\Users\karen\Armor Echo\Assets\Flooded_Grounds\PostProcessing\Runtime\Components\ScreenSpaceReflectionComponent.cs", "C#", 0, 0, 0, 188, 0, 8, 44, 240
"c:\Users\karen\Armor Echo\Assets\Flooded_Grounds\PostProcessing\Runtime\Components\TaaComponent.cs", "C#", 0, 0, 0, 164, 0, 2, 51, 217
"c:\Users\karen\Armor Echo\Assets\Flooded_Grounds\PostProcessing\Runtime\Components\UserLutComponent.cs", "C#", 0, 0, 0, 36, 0, 0, 4, 40
"c:\Users\karen\Armor Echo\Assets\Flooded_Grounds\PostProcessing\Runtime\Components\VignetteComponent.cs", "C#", 0, 0, 0, 43, 0, 0, 4, 47
"c:\Users\karen\Armor Echo\Assets\Flooded_Grounds\PostProcessing\Runtime\Models\AmbientOcclusionModel.cs", "C#", 0, 0, 0, 60, 0, 0, 12, 72
"c:\Users\karen\Armor Echo\Assets\Flooded_Grounds\PostProcessing\Runtime\Models\AntialiasingModel.cs", "C#", 0, 0, 0, 199, 0, 12, 32, 243
"c:\Users\karen\Armor Echo\Assets\Flooded_Grounds\PostProcessing\Runtime\Models\BloomModel.cs", "C#", 0, 0, 0, 88, 0, 0, 15, 103
"c:\Users\karen\Armor Echo\Assets\Flooded_Grounds\PostProcessing\Runtime\Models\BuiltinDebugViewsModel.cs", "C#", 0, 0, 0, 113, 0, 0, 21, 134
"c:\Users\karen\Armor Echo\Assets\Flooded_Grounds\PostProcessing\Runtime\Models\ChromaticAberrationModel.cs", "C#", 0, 0, 0, 38, 0, 0, 6, 44
"c:\Users\karen\Armor Echo\Assets\Flooded_Grounds\PostProcessing\Runtime\Models\ColorGradingModel.cs", "C#", 0, 0, 0, 255, 0, 8, 49, 312
"c:\Users\karen\Armor Echo\Assets\Flooded_Grounds\PostProcessing\Runtime\Models\DepthOfFieldModel.cs", "C#", 0, 0, 0, 54, 0, 0, 10, 64
"c:\Users\karen\Armor Echo\Assets\Flooded_Grounds\PostProcessing\Runtime\Models\DitheringModel.cs", "C#", 0, 0, 0, 27, 0, 0, 4, 31
"c:\Users\karen\Armor Echo\Assets\Flooded_Grounds\PostProcessing\Runtime\Models\EyeAdaptationModel.cs", "C#", 0, 0, 0, 70, 0, 0, 19, 89
"c:\Users\karen\Armor Echo\Assets\Flooded_Grounds\PostProcessing\Runtime\Models\FogModel.cs", "C#", 0, 0, 0, 35, 0, 0, 5, 40
"c:\Users\karen\Armor Echo\Assets\Flooded_Grounds\PostProcessing\Runtime\Models\GrainModel.cs", "C#", 0, 0, 0, 44, 0, 0, 8, 52
"c:\Users\karen\Armor Echo\Assets\Flooded_Grounds\PostProcessing\Runtime\Models\MotionBlurModel.cs", "C#", 0, 0, 0, 41, 0, 0, 7, 48
"c:\Users\karen\Armor Echo\Assets\Flooded_Grounds\PostProcessing\Runtime\Models\ScreenSpaceReflectionModel.cs", "C#", 0, 0, 0, 115, 0, 3, 23, 141
"c:\Users\karen\Armor Echo\Assets\Flooded_Grounds\PostProcessing\Runtime\Models\UserLutModel.cs", "C#", 0, 0, 0, 38, 0, 0, 6, 44
"c:\Users\karen\Armor Echo\Assets\Flooded_Grounds\PostProcessing\Runtime\Models\VignetteModel.cs", "C#", 0, 0, 0, 65, 0, 0, 14, 79
"c:\Users\karen\Armor Echo\Assets\Flooded_Grounds\PostProcessing\Runtime\PostProcessingBehaviour.cs", "C#", 0, 0, 0, 358, 0, 32, 81, 471
"c:\Users\karen\Armor Echo\Assets\Flooded_Grounds\PostProcessing\Runtime\PostProcessingComponent.cs", "C#", 0, 0, 0, 45, 0, 0, 14, 59
"c:\Users\karen\Armor Echo\Assets\Flooded_Grounds\PostProcessing\Runtime\PostProcessingContext.cs", "C#", 0, 0, 0, 50, 0, 1, 10, 61
"c:\Users\karen\Armor Echo\Assets\Flooded_Grounds\PostProcessing\Runtime\PostProcessingModel.cs", "C#", 0, 0, 0, 23, 0, 0, 5, 28
"c:\Users\karen\Armor Echo\Assets\Flooded_Grounds\PostProcessing\Runtime\PostProcessingProfile.cs", "C#", 0, 0, 0, 51, 0, 7, 11, 69
"c:\Users\karen\Armor Echo\Assets\Flooded_Grounds\PostProcessing\Runtime\Utils\ColorGradingCurve.cs", "C#", 0, 0, 0, 48, 0, 1, 16, 65
"c:\Users\karen\Armor Echo\Assets\Flooded_Grounds\PostProcessing\Runtime\Utils\GraphicsUtils.cs", "C#", 0, 0, 0, 122, 0, 1, 22, 145
"c:\Users\karen\Armor Echo\Assets\Flooded_Grounds\PostProcessing\Runtime\Utils\MaterialFactory.cs", "C#", 0, 0, 0, 41, 0, 0, 12, 53
"c:\Users\karen\Armor Echo\Assets\Flooded_Grounds\PostProcessing\Runtime\Utils\RenderTextureFactory.cs", "C#", 0, 0, 0, 54, 0, 0, 11, 65
"c:\Users\karen\Armor Echo\Assets\Flooded_Grounds\PostProcessing\Utilities\CustomMotionTexture\ExampleWheelController.cs", "C#", 0, 0, 0, 26, 0, 0, 8, 34
"c:\Users\karen\Armor Echo\Assets\Flooded_Grounds\PostProcessing\Utilities\CustomMotionTexture\Shaders\CustomMotionVectorTexture.shader", "UnityShader", 0, 0, 61, 0, 0, 0, 10, 71
"c:\Users\karen\Armor Echo\Assets\Flooded_Grounds\Resources\TreeCreator\TreeCreatorBark.shader", "UnityShader", 0, 0, 39, 0, 0, 1, 8, 48
"c:\Users\karen\Armor Echo\Assets\Flooded_Grounds\Resources\TreeCreator\TreeCreatorBarkOptimized.shader", "UnityShader", 0, 0, 35, 0, 0, 6, 11, 52
"c:\Users\karen\Armor Echo\Assets\Flooded_Grounds\Resources\TreeCreator\TreeCreatorLeaves.shader", "UnityShader", 0, 0, 44, 0, 0, 1, 8, 53
"c:\Users\karen\Armor Echo\Assets\Flooded_Grounds\Resources\TreeCreator\TreeCreatorLeavesOptimized.shader", "UnityShader", 0, 0, 87, 0, 0, 11, 30, 128
"c:\Users\karen\Armor Echo\Assets\Flooded_Grounds\Resources\WavingGrass.shader", "UnityShader", 0, 0, 41, 0, 0, 2, 15, 58
"c:\Users\karen\Armor Echo\Assets\Flooded_Grounds\Scripts\DisableRenderer.cs", "C#", 0, 0, 0, 10, 0, 2, 6, 18
"c:\Users\karen\Armor Echo\Assets\Flooded_Grounds\Scripts\FPSController\CharController_Motor.cs", "C#", 0, 0, 0, 49, 0, 3, 25, 77
"c:\Users\karen\Armor Echo\Assets\Flooded_Grounds\Scripts\FPSDisplay.cs", "C#", 0, 0, 0, 23, 0, 0, 5, 28
"c:\Users\karen\Armor Echo\Assets\Flooded_Grounds\Scripts\WaterFloat.cs", "C#", 0, 0, 0, 13, 0, 4, 9, 26
"c:\Users\karen\Armor Echo\Assets\Forst\CTI Runtime Components\CTI Runtime Components BIRP\Resources\CTI_Camera-DepthNormalTexture_301.shader", "UnityShader", 0, 0, 527, 0, 0, 11, 41, 579
"c:\Users\karen\Armor Echo\Assets\Forst\CTI Runtime Components\CTI Runtime Components BIRP\Resources\CTI_Internal-DeferredReflections.shader", "UnityShader", 0, 0, 109, 0, 0, 11, 28, 148
"c:\Users\karen\Armor Echo\Assets\Forst\CTI Runtime Components\CTI Runtime Components BIRP\Resources\CTI_Internal-DeferredShading.shader", "UnityShader", 0, 0, 120, 0, 0, 19, 30, 169
"c:\Users\karen\Armor Echo\Assets\Forst\CTI Runtime Components\CTI Runtime Components BIRP\Scripts\CTI_CustomWind.cs", "C#", 0, 0, 0, 37, 0, 0, 12, 49
"c:\Users\karen\Armor Echo\Assets\Forst\CTI Runtime Components\CTI Runtime Components BIRP\Scripts\CTI_Utils.cs", "C#", 0, 0, 0, 17, 0, 5, 7, 29
"c:\Users\karen\Armor Echo\Assets\Forst\CTI Runtime Components\CTI Runtime Components BIRP\Scripts\Editor\CTI_AdvancedEdgeFluttering.cs", "C#", 0, 0, 0, 26, 0, 0, 5, 31
"c:\Users\karen\Armor Echo\Assets\Forst\CTI Runtime Components\CTI Runtime Components BIRP\Scripts\Editor\CTI_DetailsEnum.cs", "C#", 0, 0, 0, 44, 0, 0, 8, 52
"c:\Users\karen\Armor Echo\Assets\Forst\CTI Runtime Components\CTI Runtime Components BIRP\Scripts\Editor\CTI_ShaderGUI.cs", "C#", 0, 0, 0, 77, 0, 9, 18, 104
"c:\Users\karen\Armor Echo\Assets\Forst\CTI Runtime Components\CTI Runtime Components BIRP\Shaders\CTI_Debug.shader", "UnityShader", 0, 0, 114, 0, 0, 9, 25, 148
"c:\Users\karen\Armor Echo\Assets\Forst\CTI Runtime Components\CTI Runtime Components BIRP\Shaders\CTI_LOD_Bark_301.shader", "UnityShader", 0, 0, 172, 0, 0, 32, 46, 250
"c:\Users\karen\Armor Echo\Assets\Forst\CTI Runtime Components\CTI Runtime Components BIRP\Shaders\CTI_LOD_Bark_Array_301.shader", "UnityShader", 0, 0, 175, 0, 0, 32, 48, 255
"c:\Users\karen\Armor Echo\Assets\Forst\CTI Runtime Components\CTI Runtime Components BIRP\Shaders\CTI_LOD_Billboard_301.shader", "UnityShader", 0, 0, 89, 0, 0, 57, 32, 178
"c:\Users\karen\Armor Echo\Assets\Forst\CTI Runtime Components\CTI Runtime Components BIRP\Shaders\CTI_LOD_Leaves_301.shader", "UnityShader", 0, 0, 205, 0, 0, 119, 63, 387
"c:\Users\karen\Armor Echo\Assets\Forst\CTI Runtime Components\CTI Runtime Components BIRP\Shaders\Includes\CTI_BillboardVertex_301.cginc", "UnityShader", 0, 0, 92, 0, 0, 34, 29, 155
"c:\Users\karen\Armor Echo\Assets\Forst\CTI Runtime Components\CTI Runtime Components BIRP\Shaders\Includes\CTI_Builtin4xTreeLibraryTumbling_301.cginc", "UnityShader", 0, 0, 407, 0, 0, 113, 113, 633
"c:\Users\karen\Armor Echo\Assets\Forst\CTI Runtime Components\CTI Runtime Components BIRP\Shaders\Includes\CTI_TranslucentLighting_301.cginc", "UnityShader", 0, 0, 128, 0, 0, 53, 45, 226
"c:\Users\karen\Armor Echo\Assets\Forst\CTI Runtime Components\CTI Runtime Components BIRP\Shaders\Includes\CTI_indirect.cginc", "UnityShader", 0, 0, 19, 0, 0, 0, 5, 24
"c:\Users\karen\Armor Echo\Assets\Forst\CTI Runtime Components\CTI Runtime Components URP 14plus\Scripts\CTI_URP_CustomWind.cs", "C#", 0, 0, 0, 38, 0, 0, 14, 52
"c:\Users\karen\Armor Echo\Assets\Forst\CTI Runtime Components\CTI Runtime Components URP 14plus\Scripts\Editor\CTI_URPTransDrawer.cs", "C#", 0, 0, 0, 20, 0, 1, 7, 28
"c:\Users\karen\Armor Echo\Assets\Forst\CTI Runtime Components\CTI Runtime Components URP 14plus\Scripts\Editor\CTI_URPWindDrawer.cs", "C#", 0, 0, 0, 21, 0, 1, 7, 29
"c:\Users\karen\Armor Echo\Assets\Forst\CTI Runtime Components\CTI Runtime Components URP 14plus\Scripts\Editor\CTI_URP_ShaderGUI.cs", "C#", 0, 0, 0, 22, 0, 2, 8, 32
"c:\Users\karen\Armor Echo\Assets\Forst\CTI Runtime Components\CTI Runtime Components URP 14plus\Shaders\Includes\CTI URP SG BillboardFragment.hlsl", "UnityShader", 0, 0, 41, 0, 0, 7, 15, 63
"c:\Users\karen\Armor Echo\Assets\Forst\CTI Runtime Components\CTI Runtime Components URP 14plus\Shaders\Includes\CTI URP SG BillboardVertex.hlsl", "UnityShader", 0, 0, 84, 0, 0, 40, 24, 148
"c:\Users\karen\Armor Echo\Assets\Forst\CTI Runtime Components\CTI Runtime Components URP 14plus\Shaders\Includes\CTI URP SG BillboardVertexSimple.hlsl", "UnityShader", 0, 0, 71, 0, 0, 42, 23, 136
"c:\Users\karen\Armor Echo\Assets\Forst\CTI Runtime Components\CTI Runtime Components URP 14plus\Shaders\Includes\CTI URP SG Lighting.hlsl", "UnityShader", 0, 0, 49, 0, 0, 1, 12, 62
"c:\Users\karen\Armor Echo\Assets\Forst\CTI Runtime Components\CTI Runtime Components URP 14plus\Shaders\Includes\CTI URP SG Utils.hlsl", "UnityShader", 0, 0, 55, 0, 0, 1, 6, 62
"c:\Users\karen\Armor Echo\Assets\Forst\CTI Runtime Components\CTI Runtime Components URP 14plus\Shaders\Includes\CTI URP SG Wind.hlsl", "UnityShader", 0, 0, 157, 0, 0, 58, 56, 271
"c:\Users\karen\Armor Echo\Assets\Forst\Conifers [BOTD]\Installer\Editor\ConifersInstaller.cs", "C#", 0, 0, 0, 110, 0, 0, 21, 131
"c:\Users\karen\Armor Echo\Assets\JMO Assets\Cartoon FX Easy Editor\Editor\CFXEasyEditor.cs", "C#", 0, 0, 0, 1259, 0, 115, 222, 1596
"c:\Users\karen\Armor Echo\Assets\Packages\Microsoft.Extensions.DependencyInjection.9.0.0\Microsoft.Extensions.DependencyInjection.nuspec", "XML", 39, 0, 0, 0, 0, 0, 0, 39
"c:\Users\karen\Armor Echo\Assets\Packages\Microsoft.Extensions.DependencyInjection.9.0.0\PACKAGE.md", "Markdown", 0, 41, 0, 0, 0, 0, 10, 51
"c:\Users\karen\Armor Echo\Assets\Packages\Microsoft.Extensions.DependencyInjection.9.0.0\buildTransitive\net461\Microsoft.Extensions.DependencyInjection.targets", "XML", 6, 0, 0, 0, 0, 0, 1, 7
"c:\Users\karen\Armor Echo\Assets\Packages\Microsoft.Extensions.DependencyInjection.9.0.0\buildTransitive\netcoreapp2.0\Microsoft.Extensions.DependencyInjection.targets", "XML", 6, 0, 0, 0, 0, 0, 1, 7
"c:\Users\karen\Armor Echo\Assets\Packages\Microsoft.Extensions.DependencyInjection.9.0.0\lib\netstandard2.1\Microsoft.Extensions.DependencyInjection.xml", "XML", 599, 0, 0, 0, 0, 0, 6, 605
"c:\Users\karen\Armor Echo\Assets\Packages\Microsoft.Extensions.DependencyInjection.Abstractions.9.0.0\Microsoft.Extensions.DependencyInjection.Abstractions.nuspec", "XML", 33, 0, 0, 0, 0, 0, 1, 34
"c:\Users\karen\Armor Echo\Assets\Packages\Microsoft.Extensions.DependencyInjection.Abstractions.9.0.0\PACKAGE.md", "Markdown", 0, 28, 0, 0, 0, 0, 7, 35
"c:\Users\karen\Armor Echo\Assets\Packages\Microsoft.Extensions.DependencyInjection.Abstractions.9.0.0\buildTransitive\net461\Microsoft.Extensions.DependencyInjection.Abstractions.targets", "XML", 6, 0, 0, 0, 0, 0, 1, 7
"c:\Users\karen\Armor Echo\Assets\Packages\Microsoft.Extensions.DependencyInjection.Abstractions.9.0.0\buildTransitive\netcoreapp2.0\Microsoft.Extensions.DependencyInjection.Abstractions.targets", "XML", 6, 0, 0, 0, 0, 0, 1, 7
"c:\Users\karen\Armor Echo\Assets\Packages\Microsoft.Extensions.DependencyInjection.Abstractions.9.0.0\lib\netstandard2.1\Microsoft.Extensions.DependencyInjection.Abstractions.xml", "XML", 2470, 0, 0, 0, 0, 0, 6, 2476
"c:\Users\karen\Armor Echo\Assets\Packages\Microsoft.Extensions.Logging.9.0.0\Microsoft.Extensions.Logging.nuspec", "XML", 51, 0, 0, 0, 0, 0, 0, 51
"c:\Users\karen\Armor Echo\Assets\Packages\Microsoft.Extensions.Logging.9.0.0\PACKAGE.md", "Markdown", 0, 100, 0, 0, 0, 7, 39, 146
"c:\Users\karen\Armor Echo\Assets\Packages\Microsoft.Extensions.Logging.9.0.0\buildTransitive\net461\Microsoft.Extensions.Logging.targets", "XML", 6, 0, 0, 0, 0, 0, 1, 7
"c:\Users\karen\Armor Echo\Assets\Packages\Microsoft.Extensions.Logging.9.0.0\buildTransitive\netcoreapp2.0\Microsoft.Extensions.Logging.targets", "XML", 6, 0, 0, 0, 0, 0, 1, 7
"c:\Users\karen\Armor Echo\Assets\Packages\Microsoft.Extensions.Logging.9.0.0\lib\netstandard2.1\Microsoft.Extensions.Logging.xml", "XML", 611, 0, 0, 0, 0, 0, 1, 612
"c:\Users\karen\Armor Echo\Assets\Packages\Microsoft.Extensions.Logging.Abstractions.9.0.0\Microsoft.Extensions.Logging.Abstractions.nuspec", "XML", 47, 0, 0, 0, 0, 0, 1, 48
"c:\Users\karen\Armor Echo\Assets\Packages\Microsoft.Extensions.Logging.Abstractions.9.0.0\PACKAGE.md", "Markdown", 0, 111, 0, 0, 0, 7, 46, 164
"c:\Users\karen\Armor Echo\Assets\Packages\Microsoft.Extensions.Logging.Abstractions.9.0.0\buildTransitive\net461\Microsoft.Extensions.Logging.Abstractions.targets", "XML", 6, 0, 0, 0, 0, 0, 1, 7
"c:\Users\karen\Armor Echo\Assets\Packages\Microsoft.Extensions.Logging.Abstractions.9.0.0\buildTransitive\net462\Microsoft.Extensions.Logging.Abstractions.targets", "XML", 24, 0, 0, 0, 0, 2, 6, 32
"c:\Users\karen\Armor Echo\Assets\Packages\Microsoft.Extensions.Logging.Abstractions.9.0.0\buildTransitive\net8.0\Microsoft.Extensions.Logging.Abstractions.targets", "XML", 24, 0, 0, 0, 0, 2, 6, 32
"c:\Users\karen\Armor Echo\Assets\Packages\Microsoft.Extensions.Logging.Abstractions.9.0.0\buildTransitive\netcoreapp2.0\Microsoft.Extensions.Logging.Abstractions.targets", "XML", 6, 0, 0, 0, 0, 0, 1, 7
"c:\Users\karen\Armor Echo\Assets\Packages\Microsoft.Extensions.Logging.Abstractions.9.0.0\buildTransitive\netstandard2.0\Microsoft.Extensions.Logging.Abstractions.targets", "XML", 24, 0, 0, 0, 0, 2, 6, 32
"c:\Users\karen\Armor Echo\Assets\Packages\Microsoft.Extensions.Logging.Abstractions.9.0.0\lib\netstandard2.0\Microsoft.Extensions.Logging.Abstractions.xml", "XML", 1535, 0, 0, 0, 0, 0, 3, 1538
"c:\Users\karen\Armor Echo\Assets\Packages\Microsoft.Extensions.Options.9.0.0\Microsoft.Extensions.Options.nuspec", "XML", 46, 0, 0, 0, 0, 0, 0, 46
"c:\Users\karen\Armor Echo\Assets\Packages\Microsoft.Extensions.Options.9.0.0\PACKAGE.md", "Markdown", 0, 127, 0, 0, 0, 0, 43, 170
"c:\Users\karen\Armor Echo\Assets\Packages\Microsoft.Extensions.Options.9.0.0\buildTransitive\net461\Microsoft.Extensions.Options.targets", "XML", 6, 0, 0, 0, 0, 0, 1, 7
"c:\Users\karen\Armor Echo\Assets\Packages\Microsoft.Extensions.Options.9.0.0\buildTransitive\net462\Microsoft.Extensions.Options.targets", "XML", 24, 0, 0, 0, 0, 2, 6, 32
"c:\Users\karen\Armor Echo\Assets\Packages\Microsoft.Extensions.Options.9.0.0\buildTransitive\net8.0\Microsoft.Extensions.Options.targets", "XML", 24, 0, 0, 0, 0, 2, 6, 32
"c:\Users\karen\Armor Echo\Assets\Packages\Microsoft.Extensions.Options.9.0.0\buildTransitive\netcoreapp2.0\Microsoft.Extensions.Options.targets", "XML", 6, 0, 0, 0, 0, 0, 1, 7
"c:\Users\karen\Armor Echo\Assets\Packages\Microsoft.Extensions.Options.9.0.0\buildTransitive\netstandard2.0\Microsoft.Extensions.Options.targets", "XML", 24, 0, 0, 0, 0, 2, 6, 32
"c:\Users\karen\Armor Echo\Assets\Packages\Microsoft.Extensions.Options.9.0.0\lib\netstandard2.1\Microsoft.Extensions.Options.xml", "XML", 2335, 0, 0, 0, 0, 0, 6, 2341
"c:\Users\karen\Armor Echo\Assets\Packages\Microsoft.Extensions.Primitives.9.0.0\Microsoft.Extensions.Primitives.nuspec", "XML", 34, 0, 0, 0, 0, 0, 1, 35
"c:\Users\karen\Armor Echo\Assets\Packages\Microsoft.Extensions.Primitives.9.0.0\PACKAGE.md", "Markdown", 0, 84, 0, 0, 0, 0, 25, 109
"c:\Users\karen\Armor Echo\Assets\Packages\Microsoft.Extensions.Primitives.9.0.0\buildTransitive\net461\Microsoft.Extensions.Primitives.targets", "XML", 6, 0, 0, 0, 0, 0, 1, 7
"c:\Users\karen\Armor Echo\Assets\Packages\Microsoft.Extensions.Primitives.9.0.0\buildTransitive\netcoreapp2.0\Microsoft.Extensions.Primitives.targets", "XML", 6, 0, 0, 0, 0, 0, 1, 7
"c:\Users\karen\Armor Echo\Assets\Packages\Microsoft.Extensions.Primitives.9.0.0\lib\netstandard2.0\Microsoft.Extensions.Primitives.xml", "XML", 1248, 0, 0, 0, 0, 0, 1, 1249
"c:\Users\karen\Armor Echo\Assets\Packages\Serilog.4.3.0\README.md", "Markdown", 0, 84, 0, 0, 0, 0, 36, 120
"c:\Users\karen\Armor Echo\Assets\Packages\Serilog.4.3.0\Serilog.nuspec", "XML", 40, 0, 0, 0, 0, 0, 0, 40
"c:\Users\karen\Armor Echo\Assets\Packages\Serilog.4.3.0\lib\netstandard2.0\Serilog.xml", "XML", 6338, 0, 0, 0, 0, 2, 27, 6367
"c:\Users\karen\Armor Echo\Assets\Packages\Serilog.Extensions.Logging.9.0.2\README.md", "Markdown", 0, 149, 0, 0, 0, 0, 41, 190
"c:\Users\karen\Armor Echo\Assets\Packages\Serilog.Extensions.Logging.9.0.2\Serilog.Extensions.Logging.nuspec", "XML", 43, 0, 0, 0, 0, 0, 0, 43
"c:\Users\karen\Armor Echo\Assets\Packages\Serilog.Extensions.Logging.9.0.2\lib\netstandard2.1\Serilog.Extensions.Logging.xml", "XML", 164, 0, 0, 0, 0, 0, 1, 165
"c:\Users\karen\Armor Echo\Assets\Packages\Serilog.Formatting.Compact.3.0.0\README.md", "Markdown", 0, 117, 0, 0, 0, 0, 45, 162
"c:\Users\karen\Armor Echo\Assets\Packages\Serilog.Formatting.Compact.3.0.0\Serilog.Formatting.Compact.nuspec", "XML", 33, 0, 0, 0, 0, 0, 0, 33
"c:\Users\karen\Armor Echo\Assets\Packages\Serilog.Formatting.Compact.3.0.0\lib\netstandard2.0\Serilog.Formatting.Compact.xml", "XML", 77, 0, 0, 0, 0, 0, 1, 78
"c:\Users\karen\Armor Echo\Assets\Packages\Serilog.Sinks.Async.2.1.0\README.md", "Markdown", 0, 75, 0, 0, 0, 0, 32, 107
"c:\Users\karen\Armor Echo\Assets\Packages\Serilog.Sinks.Async.2.1.0\Serilog.Sinks.Async.nuspec", "XML", 33, 0, 0, 0, 0, 0, 0, 33
"c:\Users\karen\Armor Echo\Assets\Packages\Serilog.Sinks.Async.2.1.0\lib\netstandard2.0\Serilog.Sinks.Async.xml", "XML", 67, 0, 0, 0, 0, 0, 1, 68
"c:\Users\karen\Armor Echo\Assets\Packages\Serilog.Sinks.Console.6.1.1\README.md", "Markdown", 0, 127, 0, 0, 0, 0, 52, 179
"c:\Users\karen\Armor Echo\Assets\Packages\Serilog.Sinks.Console.6.1.1\Serilog.Sinks.Console.nuspec", "XML", 38, 0, 0, 0, 0, 0, 0, 38
"c:\Users\karen\Armor Echo\Assets\Packages\Serilog.Sinks.Console.6.1.1\lib\netstandard2.0\Serilog.Sinks.Console.xml", "XML", 357, 0, 0, 0, 0, 0, 1, 358
"c:\Users\karen\Armor Echo\Assets\Packages\Serilog.Sinks.File.7.0.0\README.md", "Markdown", 0, 140, 0, 0, 0, 0, 72, 212
"c:\Users\karen\Armor Echo\Assets\Packages\Serilog.Sinks.File.7.0.0\Serilog.Sinks.File.nuspec", "XML", 41, 0, 0, 0, 0, 0, 0, 41
"c:\Users\karen\Armor Echo\Assets\Packages\Serilog.Sinks.File.7.0.0\lib\netstandard2.0\Serilog.Sinks.File.xml", "XML", 519, 0, 0, 0, 0, 0, 1, 520
"c:\Users\karen\Armor Echo\Assets\Packages\System.ComponentModel.Annotations.5.0.0\System.ComponentModel.Annotations.nuspec", "XML", 68, 0, 0, 0, 0, 0, 2, 70
"c:\Users\karen\Armor Echo\Assets\Packages\System.ComponentModel.Annotations.5.0.0\lib\netstandard2.1\System.ComponentModel.Annotations.xml", "XML", 1201, 0, 0, 0, 0, 0, 9, 1210
"c:\Users\karen\Armor Echo\Assets\Packages\System.Diagnostics.DiagnosticSource.9.0.0\Sources\ILLink.Descriptors.LibraryBuild.xml", "XML", 7, 0, 0, 0, 0, 1, 1, 9
"c:\Users\karen\Armor Echo\Assets\Packages\System.Diagnostics.DiagnosticSource.9.0.0\System.Diagnostics.DiagnosticSource.nuspec", "XML", 38, 0, 0, 0, 0, 0, 1, 39
"c:\Users\karen\Armor Echo\Assets\Packages\System.Diagnostics.DiagnosticSource.9.0.0\buildTransitive\net461\System.Diagnostics.DiagnosticSource.targets", "XML", 6, 0, 0, 0, 0, 0, 1, 7
"c:\Users\karen\Armor Echo\Assets\Packages\System.Diagnostics.DiagnosticSource.9.0.0\buildTransitive\netcoreapp2.0\System.Diagnostics.DiagnosticSource.targets", "XML", 6, 0, 0, 0, 0, 0, 1, 7
"c:\Users\karen\Armor Echo\Assets\Packages\System.Diagnostics.DiagnosticSource.9.0.0\content\ILLink\ILLink.Descriptors.LibraryBuild.xml", "XML", 7, 0, 0, 0, 0, 1, 1, 9
"c:\Users\karen\Armor Echo\Assets\Packages\System.Diagnostics.DiagnosticSource.9.0.0\lib\netstandard2.0\System.Diagnostics.DiagnosticSource.xml", "XML", 2059, 0, 0, 0, 0, 0, 10, 2069
"c:\Users\karen\Armor Echo\Assets\Packages\System.Threading.Channels.8.0.0\PACKAGE.md", "Markdown", 0, 41, 0, 0, 0, 7, 25, 73
"c:\Users\karen\Armor Echo\Assets\Packages\System.Threading.Channels.8.0.0\System.Threading.Channels.nuspec", "XML", 33, 0, 0, 0, 0, 0, 1, 34
"c:\Users\karen\Armor Echo\Assets\Packages\System.Threading.Channels.8.0.0\buildTransitive\net461\System.Threading.Channels.targets", "XML", 6, 0, 0, 0, 0, 0, 1, 7
"c:\Users\karen\Armor Echo\Assets\Packages\System.Threading.Channels.8.0.0\buildTransitive\netcoreapp2.0\System.Threading.Channels.targets", "XML", 6, 0, 0, 0, 0, 0, 1, 7
"c:\Users\karen\Armor Echo\Assets\Packages\System.Threading.Channels.8.0.0\lib\netstandard2.1\System.Threading.Channels.xml", "XML", 243, 0, 0, 0, 0, 0, 0, 243
"c:\Users\karen\Armor Echo\Assets\Resources\BillingMode.json", "JSON", 0, 0, 0, 0, 1, 0, 0, 1
"c:\Users\karen\Armor Echo\Assets\SUIMONO - WATER SYSTEM 2\EDITOR\suimono_module_editor.cs", "C#", 0, 0, 0, 239, 0, 17, 126, 382
"c:\Users\karen\Armor Echo\Assets\SUIMONO - WATER SYSTEM 2\EDITOR\suimono_modulefx_editor.cs", "C#", 0, 0, 0, 51, 0, 31, 44, 126
"c:\Users\karen\Armor Echo\Assets\SUIMONO - WATER SYSTEM 2\EDITOR\suimono_object_editor.cs", "C#", 0, 0, 0, 644, 0, 86, 300, 1030
"c:\Users\karen\Armor Echo\Assets\SUIMONO - WATER SYSTEM 2\EDITOR\suimono_objectfx_editor.cs", "C#", 0, 0, 0, 166, 0, 37, 96, 299
"c:\Users\karen\Armor Echo\Assets\SUIMONO - WATER SYSTEM 2\EDITOR\suimono_shorelineobject_editor.cs", "C#", 0, 0, 0, 89, 0, 21, 80, 190
"c:\Users\karen\Armor Echo\Assets\SUIMONO - WATER SYSTEM 2\SCRIPTS\Random.cs", "C#", 0, 0, 0, 82, 0, 58, 17, 157
"c:\Users\karen\Armor Echo\Assets\SUIMONO - WATER SYSTEM 2\SCRIPTS\SuimonoCamera_depth.cs", "C#", 0, 0, 0, 23, 0, 5, 17, 45
"c:\Users\karen\Armor Echo\Assets\SUIMONO - WATER SYSTEM 2\SCRIPTS\SuimonoDepth.cs", "C#", 0, 0, 0, 15, 0, 3, 8, 26
"c:\Users\karen\Armor Echo\Assets\SUIMONO - WATER SYSTEM 2\SCRIPTS\SuimonoModule.cs", "C#", 0, 0, 0, 1037, 0, 314, 393, 1744
"c:\Users\karen\Armor Echo\Assets\SUIMONO - WATER SYSTEM 2\SCRIPTS\SuimonoModuleFX.cs", "C#", 0, 0, 0, 205, 0, 29, 92, 326
"c:\Users\karen\Armor Echo\Assets\SUIMONO - WATER SYSTEM 2\SCRIPTS\SuimonoModuleLib.cs", "C#", 0, 0, 0, 49, 0, 0, 11, 60
"c:\Users\karen\Armor Echo\Assets\SUIMONO - WATER SYSTEM 2\SCRIPTS\SuimonoObject.cs", "C#", 0, 0, 0, 1234, 0, 233, 293, 1760
"c:\Users\karen\Armor Echo\Assets\SUIMONO - WATER SYSTEM 2\SCRIPTS\Suimono_DistanceBlur.cs", "C#", 0, 0, 0, 67, 0, 8, 38, 113
"c:\Users\karen\Armor Echo\Assets\SUIMONO - WATER SYSTEM 2\SCRIPTS\Suimono_ShorelineObject.cs", "C#", 0, 0, 0, 226, 0, 28, 73, 327
"c:\Users\karen\Armor Echo\Assets\SUIMONO - WATER SYSTEM 2\SCRIPTS\Suimono_UnderwaterFog.cs", "C#", 0, 0, 0, 249, 0, 16, 78, 343
"c:\Users\karen\Armor Echo\Assets\SUIMONO - WATER SYSTEM 2\SCRIPTS\cameraCausticsHandler.cs", "C#", 0, 0, 0, 56, 0, 5, 31, 92
"c:\Users\karen\Armor Echo\Assets\SUIMONO - WATER SYSTEM 2\SCRIPTS\cameraTools.cs", "C#", 0, 0, 0, 402, 0, 49, 147, 598
"c:\Users\karen\Armor Echo\Assets\SUIMONO - WATER SYSTEM 2\SCRIPTS\fx_EffectObject.cs", "C#", 0, 0, 0, 338, 0, 60, 154, 552
"c:\Users\karen\Armor Echo\Assets\SUIMONO - WATER SYSTEM 2\SCRIPTS\fx_EffectTrail.cs", "C#", 0, 0, 0, 14, 0, 204, 7, 225
"c:\Users\karen\Armor Echo\Assets\SUIMONO - WATER SYSTEM 2\SCRIPTS\fx_buoyancy.cs", "C#", 0, 0, 0, 182, 0, 45, 78, 305
"c:\Users\karen\Armor Echo\Assets\SUIMONO - WATER SYSTEM 2\SCRIPTS\fx_causticModule.cs", "C#", 0, 0, 0, 45, 0, 3, 16, 64
"c:\Users\karen\Armor Echo\Assets\SUIMONO - WATER SYSTEM 2\SCRIPTS\fx_causticObject.cs", "C#", 0, 0, 0, 41, 0, 6, 18, 65
"c:\Users\karen\Armor Echo\Assets\SUIMONO - WATER SYSTEM 2\SCRIPTS\fx_soundModule.cs", "C#", 0, 0, 0, 11, 0, 0, 5, 16
"c:\Users\karen\Armor Echo\Assets\SUIMONO - WATER SYSTEM 2\SCRIPTS\utility_AdjustCulling.cs", "C#", 0, 0, 0, 25, 0, 4, 8, 37
"c:\Users\karen\Armor Echo\Assets\SUIMONO - WATER SYSTEM 2\SCRIPTS\utility_ConvertToSurface.cs", "C#", 0, 0, 0, 74, 0, 9, 31, 114
"c:\Users\karen\Armor Echo\Assets\SUIMONO - WATER SYSTEM 2\SCRIPTS\utility_EventTrigger.cs", "C#", 0, 0, 0, 16, 0, 5, 7, 28
"c:\Users\karen\Armor Echo\Assets\SUIMONO - WATER SYSTEM 2\SCRIPTS\utility_SaveMesh.cs", "C#", 0, 0, 0, 32, 0, 8, 20, 60
"c:\Users\karen\Armor Echo\Assets\SUIMONO - WATER SYSTEM 2\SHADERS\Suimono2_FX_Depth.shader", "UnityShader", 0, 0, 53, 0, 0, 8, 17, 78
"c:\Users\karen\Armor Echo\Assets\SUIMONO - WATER SYSTEM 2\SHADERS\Suimono2_FX_Fog.shader", "UnityShader", 0, 0, 114, 0, 0, 15, 33, 162
"c:\Users\karen\Armor Echo\Assets\SUIMONO - WATER SYSTEM 2\SHADERS\Suimono2_FX_NormalBlend.shader", "UnityShader", 0, 0, 54, 0, 0, 1, 17, 72
"c:\Users\karen\Armor Echo\Assets\SUIMONO - WATER SYSTEM 2\SHADERS\Suimono2_FX_ShorelineObject.shader", "UnityShader", 0, 0, 21, 0, 0, 0, 7, 28
"c:\Users\karen\Armor Echo\Assets\SUIMONO - WATER SYSTEM 2\SHADERS\Suimono2_FX_WakeMask.shader", "UnityShader", 0, 0, 49, 0, 0, 1, 15, 65
"c:\Users\karen\Armor Echo\Assets\SUIMONO - WATER SYSTEM 2\SHADERS\Suimono2_clearfx.shader", "UnityShader", 0, 0, 31, 0, 0, 1, 12, 44
"c:\Users\karen\Armor Echo\Assets\SUIMONO - WATER SYSTEM 2\SHADERS\Suimono2_depthmask.shader", "UnityShader", 0, 0, 8, 0, 0, 10, 5, 23
"c:\Users\karen\Armor Echo\Assets\SUIMONO - WATER SYSTEM 2\SHADERS\Suimono2_depthmask2.shader", "UnityShader", 0, 0, 30, 0, 0, 4, 11, 45
"c:\Users\karen\Armor Echo\Assets\SUIMONO - WATER SYSTEM 2\SHADERS\Suimono2_effect_reflect.shader", "UnityShader", 0, 0, 36, 0, 0, 4, 58, 98
"c:\Users\karen\Armor Echo\Assets\SUIMONO - WATER SYSTEM 2\SHADERS\Suimono2_effect_splash.shader", "UnityShader", 0, 0, 115, 0, 0, 11, 65, 191
"c:\Users\karen\Armor Echo\Assets\SUIMONO - WATER SYSTEM 2\SHADERS\Suimono2_particleAlpha.shader", "UnityShader", 0, 0, 83, 0, 0, 3, 24, 110
"c:\Users\karen\Armor Echo\Assets\SUIMONO - WATER SYSTEM 2\SHADERS\Suimono2_particleAlphaOverlay.shader", "UnityShader", 0, 0, 38, 0, 0, 11, 23, 72
"c:\Users\karen\Armor Echo\Assets\SUIMONO - WATER SYSTEM 2\SHADERS\Suimono2_surface.shader", "UnityShader", 0, 0, 65, 0, 0, 3, 28, 96
"c:\Users\karen\Armor Echo\Assets\SUIMONO - WATER SYSTEM 2\SHADERS\Suimono2_surface_scale.shader", "UnityShader", 0, 0, 55, 0, 0, 2, 24, 81
"c:\Users\karen\Armor Echo\Assets\SUIMONO - WATER SYSTEM 2\SHADERS\Suimono2_surface_under.shader", "UnityShader", 0, 0, 59, 0, 0, 3, 29, 91
"c:\Users\karen\Armor Echo\Assets\SUIMONO - WATER SYSTEM 2\SHADERS\SuimonoDepth.shader", "UnityShader", 0, 0, 50, 0, 0, 4, 23, 77
"c:\Users\karen\Armor Echo\Assets\SUIMONO - WATER SYSTEM 2\SHADERS\SuimonoDepthMask.shader", "UnityShader", 0, 0, 52, 0, 0, 8, 22, 82
"c:\Users\karen\Armor Echo\Assets\SUIMONO - WATER SYSTEM 2\SHADERS\SuimonoDistanceBlur.shader", "UnityShader", 0, 0, 166, 0, 0, 8, 61, 235
"c:\Users\karen\Armor Echo\Assets\SUIMONO - WATER SYSTEM 2\SHADERS\SuimonoDistanceBlur_orig.shader", "UnityShader", 0, 0, 44, 0, 0, 3, 24, 71
"c:\Users\karen\Armor Echo\Assets\SUIMONO - WATER SYSTEM 2\SHADERS\SuimonoFunctionLibrary.cginc", "UnityShader", 0, 0, 611, 0, 0, 154, 203, 968
"c:\Users\karen\Armor Echo\Assets\SUIMONO - WATER SYSTEM 2\SHADERS\SuimonoUnderwaterFog.shader", "UnityShader", 0, 0, 281, 0, 0, 44, 124, 449
"c:\Users\karen\Armor Echo\Assets\SUIMONO - WATER SYSTEM 2\_DEMO\GUI\guiFPS.cs", "C#", 0, 0, 0, 94, 0, 16, 46, 156
"c:\Users\karen\Armor Echo\Assets\SUIMONO - WATER SYSTEM 2\_DEMO\OBJECTS\Shaders\Reflect-BumpSpec.shader", "UnityShader", 0, 0, 45, 0, 0, 0, 10, 55
"c:\Users\karen\Armor Echo\Assets\SUIMONO - WATER SYSTEM 2\_DEMO\OBJECTS\Shaders\Suimono2_Demo_HairSpec.shader", "UnityShader", 0, 0, 42, 0, 0, 1, 9, 52
"c:\Users\karen\Armor Echo\Assets\SUIMONO - WATER SYSTEM 2\_DEMO\OBJECTS\Shaders\Suimono2_Demo_Skin.shader", "UnityShader", 0, 0, 81, 0, 0, 7, 46, 134
"c:\Users\karen\Armor Echo\Assets\SUIMONO - WATER SYSTEM 2\_DEMO\OBJECTS\Shaders\Suimono2_ReflectBumpSpecDouble.shader", "UnityShader", 0, 0, 45, 0, 0, 0, 11, 56
"c:\Users\karen\Armor Echo\Assets\SUIMONO - WATER SYSTEM 2\_DEMO\SCRIPTS\sui_demo_ControllerBoat.cs", "C#", 0, 0, 0, 270, 0, 92, 110, 472
"c:\Users\karen\Armor Echo\Assets\SUIMONO - WATER SYSTEM 2\_DEMO\SCRIPTS\sui_demo_ControllerCharacter.cs", "C#", 0, 0, 0, 421, 0, 99, 129, 649
"c:\Users\karen\Armor Echo\Assets\SUIMONO - WATER SYSTEM 2\_DEMO\SCRIPTS\sui_demo_ControllerMaster.cs", "C#", 0, 0, 0, 66, 0, 7, 27, 100
"c:\Users\karen\Armor Echo\Assets\SUIMONO - WATER SYSTEM 2\_DEMO\SCRIPTS\sui_demo_ControllerOrbit.cs", "C#", 0, 0, 0, 188, 0, 75, 82, 345
"c:\Users\karen\Armor Echo\Assets\SUIMONO - WATER SYSTEM 2\_DEMO\SCRIPTS\sui_demo_InputController.cs", "C#", 0, 0, 0, 36, 0, 9, 19, 64
"c:\Users\karen\Armor Echo\Assets\SUIMONO - WATER SYSTEM 2\_DEMO\SCRIPTS\sui_demo_LightHandler.cs", "C#", 0, 0, 0, 28, 0, 5, 19, 52
"c:\Users\karen\Armor Echo\Assets\SUIMONO - WATER SYSTEM 2\_DEMO\SCRIPTS\sui_demo_animBoat.cs", "C#", 0, 0, 0, 131, 0, 12, 37, 180
"c:\Users\karen\Armor Echo\Assets\SUIMONO - WATER SYSTEM 2\_DEMO\SCRIPTS\sui_demo_animCharacter.cs", "C#", 0, 0, 0, 231, 0, 39, 89, 359
"c:\Users\karen\Armor Echo\Assets\SUIMONO - WATER SYSTEM 2\_DEMO\SCRIPTS\sui_demo_trigger.cs", "C#", 0, 0, 0, 122, 0, 12, 61, 195
"c:\Users\karen\Armor Echo\Assets\SUIMONO - WATER SYSTEM 2\_DEMO\SCRIPTS\ui_suimonoFps.cs", "C#", 0, 0, 0, 34, 0, 3, 16, 53
"c:\Users\karen\Armor Echo\Assets\SUIMONO - WATER SYSTEM 2\_DEMO\SCRIPTS\ui_suimonoHandler.cs", "C#", 0, 0, 0, 32, 0, 9, 22, 63
"c:\Users\karen\Armor Echo\Assets\SUIMONO - WATER SYSTEM 2\_DEMO\TERRAIN\Shaders\suimono2_demo_flora_double.shader", "UnityShader", 0, 0, 46, 0, 0, 8, 11, 65
"c:\Users\karen\Armor Echo\Assets\SUIMONO - WATER SYSTEM 2\_DEMO\TERRAIN\Shaders\suimono2_demo_flora_single.shader", "UnityShader", 0, 0, 83, 0, 0, 17, 19, 119
"c:\Users\karen\Armor Echo\Assets\Scenes\Settings\SceneNames.cs", "C#", 0, 0, 0, 7, 0, 0, 0, 7
"c:\Users\karen\Armor Echo\Assets\Scenes\Single\Game\Scripts\Core\Base\AITankHealth.cs", "C#", 0, 0, 0, 166, 0, 0, 32, 198
"c:\Users\karen\Armor Echo\Assets\Scenes\Single\Game\Scripts\Core\Base\ArmorProfile.cs", "C#", 0, 0, 0, 167, 0, 1, 49, 217
"c:\Users\karen\Armor Echo\Assets\Scenes\Single\Game\Scripts\Core\Base\Bullet\Ballistics.cs", "C#", 0, 0, 0, 156, 0, 0, 31, 187
"c:\Users\karen\Armor Echo\Assets\Scenes\Single\Game\Scripts\Core\Base\Bullet\Bullet.cs", "C#", 0, 0, 0, 323, 0, 0, 90, 413
"c:\Users\karen\Armor Echo\Assets\Scenes\Single\Game\Scripts\Core\Base\Bullet\BulletPool.cs", "C#", 0, 0, 0, 77, 0, 0, 19, 96
"c:\Users\karen\Armor Echo\Assets\Scenes\Single\Game\Scripts\Core\Base\Bullet\BulletPoolManager.cs", "C#", 0, 0, 0, 37, 0, 0, 9, 46
"c:\Users\karen\Armor Echo\Assets\Scenes\Single\Game\Scripts\Core\Base\Bullet\ColliderCache.cs", "C#", 0, 0, 0, 102, 0, 0, 40, 142
"c:\Users\karen\Armor Echo\Assets\Scenes\Single\Game\Scripts\Core\Base\Bullet\ColliderCacheHelper.cs", "C#", 0, 0, 0, 5, 0, 0, 1, 6
"c:\Users\karen\Armor Echo\Assets\Scenes\Single\Game\Scripts\Core\Base\FenceBreakable.cs", "C#", 0, 0, 0, 88, 0, 0, 23, 111
"c:\Users\karen\Armor Echo\Assets\Scenes\Single\Game\Scripts\Core\Base\PlayerTankHealth.cs", "C#", 0, 0, 0, 46, 0, 0, 14, 60
"c:\Users\karen\Armor Echo\Assets\Scenes\Single\Game\Scripts\Core\Base\TankCollisionDamage.cs", "C#", 0, 0, 0, 70, 0, 0, 22, 92
"c:\Users\karen\Armor Echo\Assets\Scenes\Single\Game\Scripts\Core\Base\TeamComponent.cs", "C#", 0, 0, 0, 9, 0, 0, 2, 11
"c:\Users\karen\Armor Echo\Assets\Scenes\Single\Game\Scripts\Core\Base\TeamMarker.cs", "C#", 0, 0, 0, 89, 0, 0, 19, 108
"c:\Users\karen\Armor Echo\Assets\Scenes\Single\Game\Scripts\Core\Data\BulletDefinition.cs", "C#", 0, 0, 0, 51, 0, 0, 26, 77
"c:\Users\karen\Armor Echo\Assets\Scenes\Single\Game\Scripts\Core\Data\GunDefinition.cs", "C#", 0, 0, 0, 52, 0, 0, 9, 61
"c:\Users\karen\Armor Echo\Assets\Scenes\Single\Game\Scripts\Core\Data\TankDefinition.cs", "C#", 0, 0, 0, 54, 0, 0, 10, 64
"c:\Users\karen\Armor Echo\Assets\Scenes\Single\Game\Scripts\Core\Enums\AiStateEnum.cs", "C#", 0, 0, 0, 1, 0, 0, 1, 2
"c:\Users\karen\Armor Echo\Assets\Scenes\Single\Game\Scripts\Core\Enums\ArmorType.cs", "C#", 0, 0, 0, 9, 0, 0, 1, 10
"c:\Users\karen\Armor Echo\Assets\Scenes\Single\Game\Scripts\Core\Enums\BulletType.cs", "C#", 0, 0, 0, 13, 0, 0, 1, 14
"c:\Users\karen\Armor Echo\Assets\Scenes\Single\Game\Scripts\Core\Enums\CapturePointEnum.cs", "C#", 0, 0, 0, 6, 0, 0, 1, 7
"c:\Users\karen\Armor Echo\Assets\Scenes\Single\Game\Scripts\Core\Enums\NoseType.cs", "C#", 0, 0, 0, 9, 0, 0, 1, 10
"c:\Users\karen\Armor Echo\Assets\Scenes\Single\Game\Scripts\Core\Enums\TankClassEnum.cs", "C#", 0, 0, 0, 1, 0, 0, 1, 2
"c:\Users\karen\Armor Echo\Assets\Scenes\Single\Game\Scripts\Core\Enums\TeamEnum.cs", "C#", 0, 0, 0, 6, 0, 0, 1, 7
"c:\Users\karen\Armor Echo\Assets\Scenes\Single\Game\Scripts\Core\Interfaces\Interfaces.cs", "C#", 0, 0, 0, 13, 0, 0, 3, 16
"c:\Users\karen\Armor Echo\Assets\Scenes\Single\Game\Scripts\GamePlay\AI\Audio\AiAudio.cs", "C#", 0, 0, 0, 22, 0, 0, 6, 28
"c:\Users\karen\Armor Echo\Assets\Scenes\Single\Game\Scripts\GamePlay\AI\Components\AiCombat.cs", "C#", 0, 0, 0, 86, 0, 0, 22, 108
"c:\Users\karen\Armor Echo\Assets\Scenes\Single\Game\Scripts\GamePlay\AI\Components\AiNavigation.cs", "C#", 0, 0, 0, 170, 0, 0, 49, 219
"c:\Users\karen\Armor Echo\Assets\Scenes\Single\Game\Scripts\GamePlay\AI\Components\AiPerception.cs", "C#", 0, 0, 0, 127, 0, 1, 26, 154
"c:\Users\karen\Armor Echo\Assets\Scenes\Single\Game\Scripts\GamePlay\AI\Components\AiStateHandler.cs", "C#", 0, 0, 0, 132, 0, 1, 29, 162
"c:\Users\karen\Armor Echo\Assets\Scenes\Single\Game\Scripts\GamePlay\AI\Components\AiWeapons.cs", "C#", 0, 0, 0, 79, 0, 0, 20, 99
"c:\Users\karen\Armor Echo\Assets\Scenes\Single\Game\Scripts\GamePlay\AI\Core\TankAi.cs", "C#", 0, 0, 0, 157, 0, 3, 29, 189
"c:\Users\karen\Armor Echo\Assets\Scenes\Single\Game\Scripts\GamePlay\AI\Init\AiInit.cs", "C#", 0, 0, 0, 101, 0, 0, 20, 121
"c:\Users\karen\Armor Echo\Assets\Scenes\Single\Game\Scripts\GamePlay\AI\TankAiImpl.cs", "C#", 0, 0, 0, 37, 0, 0, 10, 47
"c:\Users\karen\Armor Echo\Assets\Scenes\Single\Game\Scripts\GamePlay\AI\UI\HealthMarker.cs", "C#", 0, 0, 0, 134, 0, 4, 26, 164
"c:\Users\karen\Armor Echo\Assets\Scenes\Single\Game\Scripts\GamePlay\AI\UI\TankSelectionUI.cs", "C#", 0, 0, 0, 134, 0, 1, 33, 168
"c:\Users\karen\Armor Echo\Assets\Scenes\Single\Game\Scripts\GamePlay\CaptureSystem\CapturePoint.cs", "C#", 0, 0, 0, 253, 0, 0, 56, 309
"c:\Users\karen\Armor Echo\Assets\Scenes\Single\Game\Scripts\GamePlay\Map\MapBoundaryVisualizer.cs", "C#", 0, 0, 0, 119, 0, 0, 37, 156
"c:\Users\karen\Armor Echo\Assets\Scenes\Single\Game\Scripts\GamePlay\Map\MiniMapCapture.cs", "C#", 0, 0, 0, 35, 0, 0, 14, 49
"c:\Users\karen\Armor Echo\Assets\Scenes\Single\Game\Scripts\GamePlay\Vehicles\Tank\Audio\TurretAudio.cs", "C#", 0, 0, 0, 43, 0, 1, 11, 55
"c:\Users\karen\Armor Echo\Assets\Scenes\Single\Game\Scripts\GamePlay\Vehicles\Tank\Movement\Core\MovementContext.cs", "C#", 0, 0, 0, 20, 0, 0, 3, 23
"c:\Users\karen\Armor Echo\Assets\Scenes\Single\Game\Scripts\GamePlay\Vehicles\Tank\Movement\Core\Tank.cs", "C#", 0, 0, 0, 86, 0, 0, 16, 102
"c:\Users\karen\Armor Echo\Assets\Scenes\Single\Game\Scripts\GamePlay\Vehicles\Tank\Movement\Init\MovementInit.cs", "C#", 0, 0, 0, 52, 0, 0, 9, 61
"c:\Users\karen\Armor Echo\Assets\Scenes\Single\Game\Scripts\GamePlay\Vehicles\Tank\Movement\Init\TankSpawner.cs", "C#", 0, 0, 0, 213, 0, 0, 40, 253
"c:\Users\karen\Armor Echo\Assets\Scenes\Single\Game\Scripts\GamePlay\Vehicles\Tank\Movement\Input\MovementInputHandler.cs", "C#", 0, 0, 0, 55, 0, 0, 12, 67
"c:\Users\karen\Armor Echo\Assets\Scenes\Single\Game\Scripts\GamePlay\Vehicles\Tank\Movement\MovementImpl.cs", "C#", 0, 0, 0, 26, 0, 0, 3, 29
"c:\Users\karen\Armor Echo\Assets\Scenes\Single\Game\Scripts\GamePlay\Vehicles\Tank\Movement\Physics\MovementFixedHandler.cs", "C#", 0, 0, 0, 18, 0, 0, 7, 25
"c:\Users\karen\Armor Echo\Assets\Scenes\Single\Game\Scripts\GamePlay\Vehicles\Tank\Movement\Physics\MovementPhysics.cs", "C#", 0, 0, 0, 60, 0, 0, 22, 82
"c:\Users\karen\Armor Echo\Assets\Scenes\Single\Game\Scripts\GamePlay\Vehicles\Tank\Movement\Tracks\TankTrack.cs", "C#", 0, 0, 0, 18, 0, 0, 7, 25
"c:\Users\karen\Armor Echo\Assets\Scenes\Single\Game\Scripts\GamePlay\Vehicles\Tank\Movement\Tracks\TankWheelSetup.cs", "C#", 0, 0, 0, 42, 0, 0, 8, 50
"c:\Users\karen\Armor Echo\Assets\Scenes\Single\Game\Scripts\GamePlay\Vehicles\Tank\Movement\Tracks\TrackController.cs", "C#", 0, 0, 0, 50, 0, 0, 14, 64
"c:\Users\karen\Armor Echo\Assets\Scenes\Single\Game\Scripts\GamePlay\Vehicles\Tank\PlayerTankSelection.cs", "C#", 0, 0, 0, 4, 0, 0, 1, 5
"c:\Users\karen\Armor Echo\Assets\Scenes\Single\Game\Scripts\GamePlay\Vehicles\Tank\Turret\TurretAiming.cs", "C#", 0, 0, 0, 28, 0, 0, 7, 35
"c:\Users\karen\Armor Echo\Assets\Scenes\Single\Game\Scripts\GamePlay\Vehicles\Tank\Turret\TurretAimingImpl.cs", "C#", 0, 0, 0, 30, 0, 0, 9, 39
"c:\Users\karen\Armor Echo\Assets\Scenes\Single\Game\Scripts\GamePlay\Vehicles\Tank\Turret\TurretPitch.cs", "C#", 0, 0, 0, 32, 0, 0, 11, 43
"c:\Users\karen\Armor Echo\Assets\Scenes\Single\Game\Scripts\GamePlay\Vehicles\Tank\Turret\TurretYaw.cs", "C#", 0, 0, 0, 59, 0, 0, 17, 76
"c:\Users\karen\Armor Echo\Assets\Scenes\Single\Game\Scripts\GamePlay\Vehicles\Tank\Weapons\BulletSlot.cs", "C#", 0, 0, 0, 8, 0, 0, 1, 9
"c:\Users\karen\Armor Echo\Assets\Scenes\Single\Game\Scripts\GamePlay\Vehicles\Tank\Weapons\TankShoot.cs", "C#", 0, 0, 0, 249, 0, 0, 57, 306
"c:\Users\karen\Armor Echo\Assets\Scenes\Single\Game\Scripts\GamePlay\Vehicles\Tank\Weapons\TankSniperView.cs", "C#", 0, 0, 0, 173, 0, 0, 48, 221
"c:\Users\karen\Armor Echo\Assets\Scenes\Single\Game\Scripts\Helpers\LocalizationHelper.cs", "C#", 0, 0, 0, 37, 0, 0, 10, 47
"c:\Users\karen\Armor Echo\Assets\Scenes\Single\Game\Scripts\Managers\AudioManager.cs", "C#", 0, 0, 0, 37, 0, 0, 6, 43
"c:\Users\karen\Armor Echo\Assets\Scenes\Single\Game\Scripts\Managers\CamerasSetup.cs", "C#", 0, 0, 0, 52, 0, 0, 11, 63
"c:\Users\karen\Armor Echo\Assets\Scenes\Single\Game\Scripts\Managers\CursorManager.cs", "C#", 0, 0, 0, 32, 0, 0, 8, 40
"c:\Users\karen\Armor Echo\Assets\Scenes\Single\Game\Scripts\Managers\GameManager.cs", "C#", 0, 0, 0, 300, 0, 0, 64, 364
"c:\Users\karen\Armor Echo\Assets\Scenes\Single\Game\Scripts\Managers\GameUIManager.cs", "C#", 0, 0, 0, 268, 0, 0, 64, 332
"c:\Users\karen\Armor Echo\Assets\Scenes\Single\Game\Scripts\Managers\LanguageManager.cs", "C#", 0, 0, 0, 141, 0, 0, 30, 171
"c:\Users\karen\Armor Echo\Assets\Scenes\Single\Game\Scripts\Managers\LevelInitializer.cs", "C#", 0, 0, 0, 8, 0, 0, 2, 10
"c:\Users\karen\Armor Echo\Assets\Scenes\Single\Game\Scripts\Managers\LevelSelectManager.cs", "C#", 0, 0, 0, 248, 0, 0, 51, 299
"c:\Users\karen\Armor Echo\Assets\Scenes\Single\Game\Scripts\Managers\LogManager.cs", "C#", 0, 0, 0, 56, 0, 2, 14, 72
"c:\Users\karen\Armor Echo\Assets\Scenes\Single\Game\Scripts\Managers\MenuManager.cs", "C#", 0, 0, 0, 25, 0, 0, 5, 30
"c:\Users\karen\Armor Echo\Assets\Scenes\Single\Game\Scripts\Managers\MusicManager.cs", "C#", 0, 0, 0, 53, 0, 0, 10, 63
"c:\Users\karen\Armor Echo\Assets\Scenes\Single\Game\Scripts\Managers\SettingsManager.cs", "C#", 0, 0, 0, 919, 0, 0, 206, 1125
"c:\Users\karen\Armor Echo\Assets\Scenes\Single\Game\Scripts\Networking\GameNetUiManager.cs", "C#", 0, 0, 0, 20, 0, 0, 4, 24
"c:\Users\karen\Armor Echo\Assets\Scenes\Single\Game\Scripts\Networking\MenuNetworkUI.cs", "C#", 0, 0, 0, 18, 0, 0, 7, 25
"c:\Users\karen\Armor Echo\Assets\Scenes\Single\Game\Scripts\Networking\NetworkOwnerInput.cs", "C#", 0, 0, 0, 18, 0, 0, 3, 21
"c:\Users\karen\Armor Echo\Assets\Scenes\Single\Game\Scripts\Networking\PersistentNetworkManager.cs", "C#", 0, 0, 0, 32, 0, 0, 7, 39
"c:\Users\karen\Armor Echo\Assets\Scenes\Single\Game\Scripts\Networking\PlayerSetup.cs", "C#", 0, 0, 0, 0, 0, 40, 6, 46
"c:\Users\karen\Armor Echo\Assets\Scenes\Single\Game\Scripts\UI\Displays\FpsDisplay.cs", "C#", 0, 0, 0, 25, 0, 0, 7, 32
"c:\Users\karen\Armor Echo\Assets\Scenes\Single\Game\Scripts\UI\Displays\HealthDisplay.cs", "C#", 0, 0, 0, 35, 0, 42, 20, 97
"c:\Users\karen\Armor Echo\Assets\Scenes\Single\Game\Scripts\UI\Displays\KillLogDisplay.cs", "C#", 0, 0, 0, 108, 0, 0, 20, 128
"c:\Users\karen\Armor Echo\Assets\Scenes\Single\Game\Scripts\UI\Displays\ReloadDisplay.cs", "C#", 0, 0, 0, 44, 0, 0, 6, 50
"c:\Users\karen\Armor Echo\Assets\Scenes\Single\Game\Scripts\UI\Displays\SpeedDisplay.cs", "C#", 0, 0, 0, 23, 0, 0, 6, 29
"c:\Users\karen\Armor Echo\Assets\Scenes\Single\Game\Scripts\UI\Displays\StarsDisplay.cs", "C#", 0, 0, 0, 55, 0, 0, 14, 69
"c:\Users\karen\Armor Echo\Assets\Scenes\Single\Game\Scripts\UI\Displays\TankCountDisplay.cs", "C#", 0, 0, 0, 47, 0, 0, 12, 59
"c:\Users\karen\Armor Echo\Assets\Scenes\Single\Game\Scripts\UI\Displays\TicketsDisplay.cs", "C#", 0, 0, 0, 77, 0, 0, 16, 93
"c:\Users\karen\Armor Echo\Assets\Scenes\Single\Game\Scripts\UI\HUD\CameraSwitchers.cs", "C#", 0, 0, 0, 22, 0, 0, 6, 28
"c:\Users\karen\Armor Echo\Assets\Scenes\Single\Game\Scripts\UI\HUD\CrossHairAim.cs", "C#", 0, 0, 0, 45, 0, 0, 8, 53
"c:\Users\karen\Armor Echo\Assets\Scenes\Single\Game\Scripts\UI\HUD\MiniMap.cs", "C#", 0, 0, 0, 410, 0, 0, 141, 551
"c:\Users\karen\Armor Echo\Assets\Serilog.Sinks.Unity3D\CHANGELOG.md", "Markdown", 0, 4, 0, 0, 0, 0, 1, 5
"c:\Users\karen\Armor Echo\Assets\Serilog.Sinks.Unity3D\ILoggerExtensions.cs", "C#", 0, 0, 0, 8, 0, 10, 2, 20
"c:\Users\karen\Armor Echo\Assets\Serilog.Sinks.Unity3D\Serilog.Sinks.Unity3D.asmdef", "JSON", 0, 0, 0, 0, 16, 0, 0, 16
"c:\Users\karen\Armor Echo\Assets\Serilog.Sinks.Unity3D\Unity3DLogEventSink.cs", "C#", 0, 0, 0, 62, 0, 0, 9, 71
"c:\Users\karen\Armor Echo\Assets\Serilog.Sinks.Unity3D\UnityObjectEnricher.cs", "C#", 0, 0, 0, 14, 0, 0, 5, 19
"c:\Users\karen\Armor Echo\Assets\Serilog.Sinks.Unity3D\UnitySinkExtensions.cs", "C#", 0, 0, 0, 44, 0, 25, 8, 77
"c:\Users\karen\Armor Echo\Assets\Serilog.Sinks.Unity3D\UnityTagEnricher.cs", "C#", 0, 0, 0, 14, 0, 0, 5, 19
"c:\Users\karen\Armor Echo\Assets\Serilog.Sinks.Unity3D\package.json", "JSON", 0, 0, 0, 0, 15, 0, 0, 15
"c:\Users\karen\Armor Echo\Assets\SlimUI\Editor\SlimUIWindow.cs", "C#", 0, 0, 0, 10, 0, 0, 3, 13
"c:\Users\karen\Armor Echo\Assets\SlimUI\Modern Menu 1\Scripts\Audio\CheckMusicVolume.cs", "C#", 0, 0, 0, 12, 0, 1, 2, 15
"c:\Users\karen\Armor Echo\Assets\SlimUI\Modern Menu 1\Scripts\Audio\CheckSFXVolume.cs", "C#", 0, 0, 0, 13, 0, 1, 2, 16
"c:\Users\karen\Armor Echo\Assets\SlimUI\Modern Menu 1\Scripts\Managers\UIMenuManager.cs", "C#", 0, 0, 0, 245, 0, 4, 41, 290
"c:\Users\karen\Armor Echo\Assets\SlimUI\Modern Menu 1\Scripts\Managers\UISettingsManager.cs", "C#", 0, 0, 0, 367, 0, 18, 47, 432
"c:\Users\karen\Armor Echo\Assets\SlimUI\Modern Menu 1\Scripts\Misc\ExtraLinks.cs", "C#", 0, 0, 0, 17, 0, 0, 5, 22
"c:\Users\karen\Armor Echo\Assets\SlimUI\Modern Menu 1\Scripts\Misc\ResetDemo.cs", "C#", 0, 0, 0, 11, 0, 0, 2, 13
"c:\Users\karen\Armor Echo\Assets\SlimUI\Modern Menu 1\Scripts\ThemeEditor\ThemedUI.cs", "C#", 0, 0, 0, 16, 0, 0, 7, 23
"c:\Users\karen\Armor Echo\Assets\SlimUI\Modern Menu 1\Scripts\ThemeEditor\ThemedUIData.cs", "C#", 0, 0, 0, 33, 0, 0, 5, 38
"c:\Users\karen\Armor Echo\Assets\SlimUI\Modern Menu 1\Scripts\ThemeEditor\ThemedUIElement.cs", "C#", 0, 0, 0, 26, 0, 0, 5, 31
"c:\Users\karen\Armor Echo\Assets\TerrainSampleAssets\ShaderGraphs\CustomFunctions\CustomLighting.hlsl", "UnityShader", 0, 0, 29, 0, 0, 1, 2, 32
"c:\Users\karen\Armor Echo\Assets\TextMesh Pro\Examples & Extras\Scripts\Benchmark01.cs", "C#", 0, 0, 0, 63, 0, 29, 37, 129
"c:\Users\karen\Armor Echo\Assets\TextMesh Pro\Examples & Extras\Scripts\Benchmark01_UGUI.cs", "C#", 0, 0, 0, 59, 0, 37, 40, 136
"c:\Users\karen\Armor Echo\Assets\TextMesh Pro\Examples & Extras\Scripts\Benchmark02.cs", "C#", 0, 0, 0, 64, 0, 6, 27, 97
"c:\Users\karen\Armor Echo\Assets\TextMesh Pro\Examples & Extras\Scripts\Benchmark03.cs", "C#", 0, 0, 0, 72, 0, 1, 19, 92
"c:\Users\karen\Armor Echo\Assets\TextMesh Pro\Examples & Extras\Scripts\Benchmark04.cs", "C#", 0, 0, 0, 40, 0, 26, 19, 85
"c:\Users\karen\Armor Echo\Assets\TextMesh Pro\Examples & Extras\Scripts\CameraController.cs", "C#", 0, 0, 0, 196, 0, 25, 69, 290
"c:\Users\karen\Armor Echo\Assets\TextMesh Pro\Examples & Extras\Scripts\ChatController.cs", "C#", 0, 0, 0, 31, 0, 5, 16, 52
"c:\Users\karen\Armor Echo\Assets\TextMesh Pro\Examples & Extras\Scripts\DropdownSample.cs", "C#", 0, 0, 0, 15, 0, 0, 5, 20
"c:\Users\karen\Armor Echo\Assets\TextMesh Pro\Examples & Extras\Scripts\EnvMapAnimator.cs", "C#", 0, 0, 0, 23, 0, 4, 9, 36
"c:\Users\karen\Armor Echo\Assets\TextMesh Pro\Examples & Extras\Scripts\ObjectSpin.cs", "C#", 0, 0, 0, 49, 0, 4, 13, 66
"c:\Users\karen\Armor Echo\Assets\TextMesh Pro\Examples & Extras\Scripts\ShaderPropAnimator.cs", "C#", 0, 0, 0, 33, 0, 5, 14, 52
"c:\Users\karen\Armor Echo\Assets\TextMesh Pro\Examples & Extras\Scripts\SimpleScript.cs", "C#", 0, 0, 0, 23, 0, 15, 20, 58
"c:\Users\karen\Armor Echo\Assets\TextMesh Pro\Examples & Extras\Scripts\SkewTextExample.cs", "C#", 0, 0, 0, 97, 0, 18, 45, 160
"c:\Users\karen\Armor Echo\Assets\TextMesh Pro\Examples & Extras\Scripts\TMP_DigitValidator.cs", "C#", 0, 0, 0, 18, 0, 5, 4, 27
"c:\Users\karen\Armor Echo\Assets\TextMesh Pro\Examples & Extras\Scripts\TMP_ExampleScript_01.cs", "C#", 0, 0, 0, 34, 0, 9, 19, 62
"c:\Users\karen\Armor Echo\Assets\TextMesh Pro\Examples & Extras\Scripts\TMP_FrameRateCounter.cs", "C#", 0, 0, 0, 90, 0, 11, 33, 134
"c:\Users\karen\Armor Echo\Assets\TextMesh Pro\Examples & Extras\Scripts\TMP_PhoneNumberValidator.cs", "C#", 0, 0, 0, 92, 0, 7, 6, 105
"c:\Users\karen\Armor Echo\Assets\TextMesh Pro\Examples & Extras\Scripts\TMP_TextEventCheck.cs", "C#", 0, 0, 0, 56, 0, 1, 17, 74
"c:\Users\karen\Armor Echo\Assets\TextMesh Pro\Examples & Extras\Scripts\TMP_TextEventHandler.cs", "C#", 0, 0, 0, 172, 0, 36, 56, 264
"c:\Users\karen\Armor Echo\Assets\TextMesh Pro\Examples & Extras\Scripts\TMP_TextInfoDebugTool.cs", "C#", 0, 0, 0, 408, 0, 97, 147, 652
"c:\Users\karen\Armor Echo\Assets\TextMesh Pro\Examples & Extras\Scripts\TMP_TextSelector_A.cs", "C#", 0, 0, 0, 98, 0, 17, 41, 156
"c:\Users\karen\Armor Echo\Assets\TextMesh Pro\Examples & Extras\Scripts\TMP_TextSelector_B.cs", "C#", 0, 0, 0, 246, 0, 191, 107, 544
"c:\Users\karen\Armor Echo\Assets\TextMesh Pro\Examples & Extras\Scripts\TMP_UiFrameRateCounter.cs", "C#", 0, 0, 0, 95, 0, 1, 28, 124
"c:\Users\karen\Armor Echo\Assets\TextMesh Pro\Examples & Extras\Scripts\TMPro_InstructionOverlay.cs", "C#", 0, 0, 0, 54, 0, 6, 24, 84
"c:\Users\karen\Armor Echo\Assets\TextMesh Pro\Examples & Extras\Scripts\TeleType.cs", "C#", 0, 0, 0, 40, 0, 15, 28, 83
"c:\Users\karen\Armor Echo\Assets\TextMesh Pro\Examples & Extras\Scripts\TextConsoleSimulator.cs", "C#", 0, 0, 0, 79, 0, 13, 31, 123
"c:\Users\karen\Armor Echo\Assets\TextMesh Pro\Examples & Extras\Scripts\TextMeshProFloatingText.cs", "C#", 0, 0, 0, 133, 0, 32, 57, 222
"c:\Users\karen\Armor Echo\Assets\TextMesh Pro\Examples & Extras\Scripts\TextMeshSpawner.cs", "C#", 0, 0, 0, 45, 0, 13, 21, 79
"c:\Users\karen\Armor Echo\Assets\TextMesh Pro\Examples & Extras\Scripts\VertexColorCycler.cs", "C#", 0, 0, 0, 49, 0, 13, 23, 85
"c:\Users\karen\Armor Echo\Assets\TextMesh Pro\Examples & Extras\Scripts\VertexJitter.cs", "C#", 0, 0, 0, 106, 0, 26, 43, 175
"c:\Users\karen\Armor Echo\Assets\TextMesh Pro\Examples & Extras\Scripts\VertexShakeA.cs", "C#", 0, 0, 0, 100, 0, 23, 38, 161
"c:\Users\karen\Armor Echo\Assets\TextMesh Pro\Examples & Extras\Scripts\VertexShakeB.cs", "C#", 0, 0, 0, 113, 0, 29, 43, 185
"c:\Users\karen\Armor Echo\Assets\TextMesh Pro\Examples & Extras\Scripts\VertexZoom.cs", "C#", 0, 0, 0, 112, 0, 32, 49, 193
"c:\Users\karen\Armor Echo\Assets\TextMesh Pro\Examples & Extras\Scripts\WarpTextExample.cs", "C#", 0, 0, 0, 90, 0, 15, 41, 146
"c:\Users\karen\Armor Echo\Assets\TextMesh Pro\Shaders\SDFFunctions.hlsl", "UnityShader", 0, 0, 130, 0, 0, 18, 31, 179
"c:\Users\karen\Armor Echo\Assets\TextMesh Pro\Shaders\TMP_Bitmap-Custom-Atlas.shader", "UnityShader", 0, 0, 113, 0, 0, 2, 31, 146
"c:\Users\karen\Armor Echo\Assets\TextMesh Pro\Shaders\TMP_Bitmap-Mobile.shader", "UnityShader", 0, 0, 123, 0, 0, 3, 30, 156
"c:\Users\karen\Armor Echo\Assets\TextMesh Pro\Shaders\TMP_Bitmap.shader", "UnityShader", 0, 0, 113, 0, 0, 2, 31, 146
"c:\Users\karen\Armor Echo\Assets\TextMesh Pro\Shaders\TMP_SDF Overlay.shader", "UnityShader", 0, 0, 253, 0, 0, 4, 70, 327
"c:\Users\karen\Armor Echo\Assets\TextMesh Pro\Shaders\TMP_SDF SSD.shader", "UnityShader", 0, 0, 253, 0, 0, 4, 65, 322
"c:\Users\karen\Armor Echo\Assets\TextMesh Pro\Shaders\TMP_SDF-Mobile Masking.shader", "UnityShader", 0, 0, 198, 0, 0, 10, 51, 259
"c:\Users\karen\Armor Echo\Assets\TextMesh Pro\Shaders\TMP_SDF-Mobile Overlay.shader", "UnityShader", 0, 0, 193, 0, 0, 8, 52, 253
"c:\Users\karen\Armor Echo\Assets\TextMesh Pro\Shaders\TMP_SDF-Mobile SSD.shader", "UnityShader", 0, 0, 82, 0, 0, 4, 21, 107
"c:\Users\karen\Armor Echo\Assets\TextMesh Pro\Shaders\TMP_SDF-Mobile-2-Pass.shader", "UnityShader", 0, 0, 290, 0, 0, 15, 85, 390
"c:\Users\karen\Armor Echo\Assets\TextMesh Pro\Shaders\TMP_SDF-Mobile.shader", "UnityShader", 0, 0, 192, 0, 0, 8, 51, 251
"c:\Users\karen\Armor Echo\Assets\TextMesh Pro\Shaders\TMP_SDF-Surface-Mobile.shader", "UnityShader", 0, 0, 104, 0, 0, 8, 28, 140
"c:\Users\karen\Armor Echo\Assets\TextMesh Pro\Shaders\TMP_SDF-Surface.shader", "UnityShader", 0, 0, 123, 0, 0, 4, 33, 160
"c:\Users\karen\Armor Echo\Assets\TextMesh Pro\Shaders\TMP_SDF.shader", "UnityShader", 0, 0, 253, 0, 0, 4, 70, 327
"c:\Users\karen\Armor Echo\Assets\TextMesh Pro\Shaders\TMP_Sprite.shader", "UnityShader", 0, 0, 111, 0, 0, 0, 21, 132
"c:\Users\karen\Armor Echo\Assets\TextMesh Pro\Shaders\TMPro.cginc", "UnityShader", 0, 0, 63, 0, 0, 2, 20, 85
"c:\Users\karen\Armor Echo\Assets\TextMesh Pro\Shaders\TMPro_Mobile.cginc", "UnityShader", 0, 0, 129, 0, 0, 2, 35, 166
"c:\Users\karen\Armor Echo\Assets\TextMesh Pro\Shaders\TMPro_Properties.cginc", "UnityShader", 0, 0, 62, 0, 0, 6, 13, 81
"c:\Users\karen\Armor Echo\Assets\TextMesh Pro\Shaders\TMPro_Surface.cginc", "UnityShader", 0, 0, 75, 0, 0, 7, 18, 100
"c:\Users\karen\Armor Echo\Assets\TextMesh Pro\Sprites\EmojiOne.json", "JSON", 0, 0, 0, 0, 155, 0, 2, 157
"Total", "-", 20694, 1228, 15160, 30173, 187, 6919, 13284, 87645